b0086ae3-5210-4da3-978e-72f77ad42b89.mirbase21.mirnas.quantification.txt,Primary Tumor
942a8c75-9777-444a-b182-3bb29f178789.mirbase21.mirnas.quantification.txt,Primary Tumor
6aea34ae-5613-41a2-bb4f-c9fde6560a83.mirbase21.mirnas.quantification.txt,Primary Tumor
5b2a68a9-bdf9-451d-85f2-6e1615c369b3.mirbase21.mirnas.quantification.txt,Primary Tumor
e67bb6a0-6132-4106-9b1d-bd0f921342e9.mirbase21.mirnas.quantification.txt,Primary Tumor
7d3f0f92-bdac-42af-ab12-18c0d0584b5b.mirbase21.mirnas.quantification.txt,Primary Tumor
e9cde4ed-1fb5-4e63-a7ec-37e9c30823c1.mirbase21.mirnas.quantification.txt,Primary Tumor
b4853c3e-3278-43ba-ba16-92f06bb38b3c.mirbase21.mirnas.quantification.txt,Primary Tumor
9aa95613-345a-4f00-85cd-17e909715659.mirbase21.mirnas.quantification.txt,Primary Tumor
6bf04d82-beae-4769-813b-83919bbbcda5.mirbase21.mirnas.quantification.txt,Primary Tumor
5e985dc7-77ea-4dd0-afa6-dae65814acd4.mirbase21.mirnas.quantification.txt,Primary Tumor
bb7e4208-00aa-4d3e-ac56-3898cd53cb24.mirbase21.mirnas.quantification.txt,Primary Tumor
9db6ba6d-0b90-49d4-b836-f21605ff5033.mirbase21.mirnas.quantification.txt,Primary Tumor
9b6ad092-646b-4b06-bd10-ca11c0b5ba53.mirbase21.mirnas.quantification.txt,Primary Tumor
c5b75a9d-7881-406f-977c-e8de6ea09037.mirbase21.mirnas.quantification.txt,Primary Tumor
61d18625-c261-4695-a4ad-95699f82a305.mirbase21.mirnas.quantification.txt,Primary Tumor
3fef2828-722e-4ae8-aaa8-e689d3d2017f.mirbase21.mirnas.quantification.txt,Primary Tumor
40a7f752-49ff-410d-afa8-44e7f456caf3.mirbase21.mirnas.quantification.txt,Primary Tumor
c6aa0ae6-80d6-417a-a223-5381cb76445d.mirbase21.mirnas.quantification.txt,Primary Tumor
76cc82f5-b243-45bd-8d55-141ce5eee481.mirbase21.mirnas.quantification.txt,Primary Tumor
2413e0a5-3f2d-4dd8-a018-90993ae4d432.mirbase21.mirnas.quantification.txt,Primary Tumor
93bb0dd2-4551-4d8a-85da-43696289bf62.mirbase21.mirnas.quantification.txt,Primary Tumor
8f7863f1-d3b5-440d-ba65-1f460db28553.mirbase21.mirnas.quantification.txt,Primary Tumor
cd82d0fa-1183-4758-b5fd-e06bc23a6fea.mirbase21.mirnas.quantification.txt,Recurrent Tumor
468eaa97-df50-44bd-ae5f-7725a7182a81.mirbase21.mirnas.quantification.txt,Primary Tumor
fc85a039-1671-40df-84b3-5ec833996524.mirbase21.mirnas.quantification.txt,Primary Tumor
9c4e6c5c-1121-456a-9f25-ff68d2fea476.mirbase21.mirnas.quantification.txt,Primary Tumor
04d249d6-a361-4a23-a73b-393f762e5e01.mirbase21.mirnas.quantification.txt,Primary Tumor
7631e78b-b7bb-46ba-b3b2-9c8c035ae496.mirbase21.mirnas.quantification.txt,Primary Tumor
1190d2cf-0bf0-4361-b48c-cd5bd19bed92.mirbase21.mirnas.quantification.txt,Primary Tumor
eba01b2c-c242-495b-a58b-3b538abe066f.mirbase21.mirnas.quantification.txt,Primary Tumor
8de0aa6f-fcb2-4337-9e03-3a045247ecbe.mirbase21.mirnas.quantification.txt,Primary Tumor
11d5ac64-ba7d-4ac7-99ee-4f6023695a6c.mirbase21.mirnas.quantification.txt,Primary Tumor
6eacf45b-7ae3-40c0-86e5-489f0ea2a4e3.mirbase21.mirnas.quantification.txt,Primary Tumor
7b0b785c-cf1e-4beb-8e3f-696d14e72b11.mirbase21.mirnas.quantification.txt,Primary Tumor
e594c692-850c-4c2f-be34-d5c410ceb232.mirbase21.mirnas.quantification.txt,Primary Tumor
041cbb78-13c8-4735-b7dc-95562cb83662.mirbase21.mirnas.quantification.txt,Primary Tumor
9b3956b0-9160-4063-9791-79f71b41da5e.mirbase21.mirnas.quantification.txt,Primary Tumor
b1a21b12-e1c0-4860-9fee-f15ef7e24288.mirbase21.mirnas.quantification.txt,Primary Tumor
56fcbae1-5e06-40b4-ad9f-75550ac74f21.mirbase21.mirnas.quantification.txt,Primary Tumor
947e0cf5-3ab3-472d-9bae-edf77e459e0c.mirbase21.mirnas.quantification.txt,Primary Tumor
8ceb473b-b6a6-462a-bbde-7d79832e19d1.mirbase21.mirnas.quantification.txt,Primary Tumor
04feb613-180d-4106-93bb-1e82ca10d0e5.mirbase21.mirnas.quantification.txt,Primary Tumor
c7847982-fb24-430b-92c9-5d1e74b0e37f.mirbase21.mirnas.quantification.txt,Primary Tumor
2adf8314-9cf6-4d33-844c-1d21382880ac.mirbase21.mirnas.quantification.txt,Primary Tumor
3af9266c-e483-41c9-b3e8-30a991f6349d.mirbase21.mirnas.quantification.txt,Primary Tumor
d0d7571d-f442-42ea-80f5-6bae530dafc5.mirbase21.mirnas.quantification.txt,Primary Tumor
e15ee621-cc1b-4422-983e-b9cb55516a7c.mirbase21.mirnas.quantification.txt,Primary Tumor
9d1908e6-6c65-499d-9514-59ec4583a2a3.mirbase21.mirnas.quantification.txt,Primary Tumor
8dc4c1b4-3cd9-4efd-9cc8-53c8ceef4ea3.mirbase21.mirnas.quantification.txt,Primary Tumor
7ec4ac92-61b7-48e5-b123-a9d214616d65.mirbase21.mirnas.quantification.txt,Primary Tumor
afbd1bf2-8abc-4dc1-9516-ffbd657a57ba.mirbase21.mirnas.quantification.txt,Primary Tumor
d1aef792-44d3-407f-9a1c-350379b725ce.mirbase21.mirnas.quantification.txt,Primary Tumor
cb4b26f8-5c69-4031-9a94-d5d46f0a887f.mirbase21.mirnas.quantification.txt,Primary Tumor
bf57eea2-3cb4-4570-aeea-e0dcc8902106.mirbase21.mirnas.quantification.txt,Primary Tumor
44f90652-9db0-4e2e-8920-0a89e4499925.mirbase21.mirnas.quantification.txt,Primary Tumor
4845e0aa-135d-43ca-8487-34d5f26af9b7.mirbase21.mirnas.quantification.txt,Primary Tumor
202f4be0-a37e-4412-95cf-a3611c76579d.mirbase21.mirnas.quantification.txt,Primary Tumor
d53cdf3a-4ced-4c40-97ec-b1456d3e0720.mirbase21.mirnas.quantification.txt,Primary Tumor
598fef64-a237-4c71-960e-ef2419dda8ce.mirbase21.mirnas.quantification.txt,Primary Tumor
ef0fb1bc-43e4-4857-a735-6a2b6112a03d.mirbase21.mirnas.quantification.txt,Primary Tumor
2e57df13-71ae-44a0-9325-922b521e973e.mirbase21.mirnas.quantification.txt,Primary Tumor
cf58b350-6805-4af3-8439-3feea7a7a1ba.mirbase21.mirnas.quantification.txt,Primary Tumor
a08531d1-4d38-459e-be4b-42e3466f3d65.mirbase21.mirnas.quantification.txt,Primary Tumor
966adb97-b9c5-47f1-a874-225c7814e224.mirbase21.mirnas.quantification.txt,Primary Tumor
543d7974-e5cd-4351-9a03-fff87c435996.mirbase21.mirnas.quantification.txt,Primary Tumor
12670b11-73ae-440b-9b56-6b22549064b0.mirbase21.mirnas.quantification.txt,Primary Tumor
65af6296-9664-4374-8c6e-f7f457d3f06d.mirbase21.mirnas.quantification.txt,Primary Tumor
861cc7ed-3b58-41dd-b49c-606f6ff7e4cb.mirbase21.mirnas.quantification.txt,Primary Tumor
2d01b160-f063-462d-a7d5-af08765d3cb7.mirbase21.mirnas.quantification.txt,Primary Tumor
8c14cdea-b3c2-4102-8dfa-b08b7a53f3bd.mirbase21.mirnas.quantification.txt,Recurrent Tumor
045141cf-fa00-4825-95fe-8b713fa104af.mirbase21.mirnas.quantification.txt,Primary Tumor
f34281ec-0c1e-42ca-9dce-85d0dac66dee.mirbase21.mirnas.quantification.txt,Primary Tumor
010181e5-78c5-4801-9ba2-8e8e3a63f7a1.mirbase21.mirnas.quantification.txt,Primary Tumor
85e2f2d9-6077-4dab-9b2f-a6f3baeee43e.mirbase21.mirnas.quantification.txt,Primary Tumor
6c362ad1-af41-4092-b439-ac4941c9a86e.mirbase21.mirnas.quantification.txt,Primary Tumor
8d0ac26e-7b37-42c5-93f6-acd57670fd41.mirbase21.mirnas.quantification.txt,Primary Tumor
cb157bf8-7e87-4423-9c47-3a7cc32feeea.mirbase21.mirnas.quantification.txt,Primary Tumor
145e446e-86c6-4b2d-a663-c11df300a8c3.mirbase21.mirnas.quantification.txt,Primary Tumor
113e21ff-6023-46df-aa90-dcc532c668e4.mirbase21.mirnas.quantification.txt,Primary Tumor
4a322a95-91db-4b47-a994-9f242b5b5993.mirbase21.mirnas.quantification.txt,Primary Tumor
03c0d0b1-e4f3-4eaf-8b70-9c26093e0568.mirbase21.mirnas.quantification.txt,Primary Tumor
c7467f26-bb77-4234-8e5e-f71f35081766.mirbase21.mirnas.quantification.txt,Primary Tumor
e7620c6f-3003-4e10-822a-341958cac41f.mirbase21.mirnas.quantification.txt,Primary Tumor
f6d9b08f-fc74-4aad-aa0c-147b94098c4a.mirbase21.mirnas.quantification.txt,Primary Tumor
ac694c95-7834-4d72-a390-ead555219f09.mirbase21.mirnas.quantification.txt,Primary Tumor
91361849-d189-4a6f-8de5-174eb2e57be9.mirbase21.mirnas.quantification.txt,Primary Tumor
a8611f9b-0c9b-45ff-8247-373c3f7b40f6.mirbase21.mirnas.quantification.txt,Primary Tumor
ea0e88f4-3649-40db-bf72-78dffaa05110.mirbase21.mirnas.quantification.txt,Primary Tumor
1149a0c3-0151-4d4c-a313-58aea498f4d4.mirbase21.mirnas.quantification.txt,Primary Tumor
0119150c-be1c-4369-8da9-d02c0612e26b.mirbase21.mirnas.quantification.txt,Primary Tumor
34e671e8-376d-4384-8baa-b92834f9f3db.mirbase21.mirnas.quantification.txt,Primary Tumor
dcd38482-3abc-49ea-8660-cc58982d2b55.mirbase21.mirnas.quantification.txt,Primary Tumor
95e1c312-97c3-4c22-bff4-c5e455206688.mirbase21.mirnas.quantification.txt,Primary Tumor
40c76cd3-68bf-4731-9cce-4cbe0a8d44a8.mirbase21.mirnas.quantification.txt,Primary Tumor
f85a0aca-a8d6-4455-a2f7-ae37a337fda9.mirbase21.mirnas.quantification.txt,Primary Tumor
985978ef-c56a-4cdb-8420-a2d519bf1750.mirbase21.mirnas.quantification.txt,Primary Tumor
9fe7bc7f-5c8e-4f95-83f8-988939b058ad.mirbase21.mirnas.quantification.txt,Primary Tumor
4c9ed1c7-49d6-4104-be17-7bd565a08de4.mirbase21.mirnas.quantification.txt,Primary Tumor
83039e5d-3a4e-4305-bd07-4b872f7770d6.mirbase21.mirnas.quantification.txt,Primary Tumor
5835e439-44fc-4507-8b00-ba352b3582ab.mirbase21.mirnas.quantification.txt,Primary Tumor
fc764601-3a4a-41fa-9239-c3bc5f6b447d.mirbase21.mirnas.quantification.txt,Primary Tumor
614c3d5b-fb38-46b6-ace1-daef839295fd.mirbase21.mirnas.quantification.txt,Primary Tumor
127bf905-7cba-4f80-bdc7-a48f00a8aacf.mirbase21.mirnas.quantification.txt,Primary Tumor
2cc72ddd-cda2-4b9e-ac61-458be1fa5522.mirbase21.mirnas.quantification.txt,Primary Tumor
77069f62-a81a-4efa-9133-f60145d46813.mirbase21.mirnas.quantification.txt,Primary Tumor
e034b19a-af87-4478-9456-812a1a289980.mirbase21.mirnas.quantification.txt,Primary Tumor
120a22fb-f14d-4eed-9f55-902dd8d51394.mirbase21.mirnas.quantification.txt,Primary Tumor
064fe8fa-c359-4bb3-bdec-c65571d6052b.mirbase21.mirnas.quantification.txt,Primary Tumor
0cf4430f-2a8e-4227-b231-4b685aec7be5.mirbase21.mirnas.quantification.txt,Primary Tumor
8722a1dd-e33d-4d25-a8ba-5e5d68a10d11.mirbase21.mirnas.quantification.txt,Primary Tumor
f0a87640-d63d-4e79-9524-95903c66bfa4.mirbase21.mirnas.quantification.txt,Primary Tumor
486f5bed-5d49-4ddd-ac15-fc887ecdfea5.mirbase21.mirnas.quantification.txt,Primary Tumor
d111f7e3-5269-4db9-85e4-5f3e36e3f8ba.mirbase21.mirnas.quantification.txt,Primary Tumor
a5a76dee-1878-4462-8bf4-2ac74c01ff20.mirbase21.mirnas.quantification.txt,Primary Tumor
4f031795-3655-4d40-bae2-3d1aeddc37d2.mirbase21.mirnas.quantification.txt,Primary Tumor
0ab790b0-7898-4e02-98e0-db10a7d6e63e.mirbase21.mirnas.quantification.txt,Primary Tumor
b67abee4-547f-4b4c-b894-05f6ddc6df6c.mirbase21.mirnas.quantification.txt,Recurrent Tumor
7d8e61f4-57ef-4c63-be7f-318f64ffec4c.mirbase21.mirnas.quantification.txt,Primary Tumor
0626f7ce-71b2-4a90-94dc-a74f8061cc9d.mirbase21.mirnas.quantification.txt,Primary Tumor
30d2fb8f-115c-4702-b401-62dedf31a8f7.mirbase21.mirnas.quantification.txt,Primary Tumor
c807eefe-3905-4cf5-94a4-d85f638e687a.mirbase21.mirnas.quantification.txt,Primary Tumor
6a78b15f-dada-4198-86f2-f852399722ad.mirbase21.mirnas.quantification.txt,Primary Tumor
111d6880-bb45-43f3-9890-2d6a06ccf163.mirbase21.mirnas.quantification.txt,Primary Tumor
22d1bbec-e6d5-490f-a266-f9ba02598f89.mirbase21.mirnas.quantification.txt,Primary Tumor
7c0e1f0d-91f1-4687-87f2-8c02c5326fe0.mirbase21.mirnas.quantification.txt,Primary Tumor
68f45d97-8b83-4f67-b6e8-a7d909586f19.mirbase21.mirnas.quantification.txt,Primary Tumor
b24ad4a5-f2f2-41dd-b4d8-37d7922e6a85.mirbase21.mirnas.quantification.txt,Primary Tumor
cebc0d0d-7468-4ac7-bf0a-813239002f2d.mirbase21.mirnas.quantification.txt,Primary Tumor
b19f1e77-c498-455f-ac66-eaaad3a9290c.mirbase21.mirnas.quantification.txt,Primary Tumor
d40967f1-6119-480c-b0fe-8a93799f95c8.mirbase21.mirnas.quantification.txt,Primary Tumor
f866ddae-c54c-482a-a583-cdceaf653c09.mirbase21.mirnas.quantification.txt,Primary Tumor
a547cb65-8afc-4e58-bdaa-52e57b6e1f4d.mirbase21.mirnas.quantification.txt,Recurrent Tumor
a210e23e-679e-405a-a832-58bb94c5577f.mirbase21.mirnas.quantification.txt,Primary Tumor
1540aab3-94fc-4b19-b9fb-35edb8861333.mirbase21.mirnas.quantification.txt,Primary Tumor
5f24a021-d806-465f-b7eb-a1da79ef898f.mirbase21.mirnas.quantification.txt,Primary Tumor
35e8310e-7a94-4279-97ab-f2d6978f36de.mirbase21.mirnas.quantification.txt,Primary Tumor
5e71034c-83cc-4a51-ab61-0359716f7dcf.mirbase21.mirnas.quantification.txt,Primary Tumor
b974c545-b5f0-4222-b594-424af1f439fc.mirbase21.mirnas.quantification.txt,Primary Tumor
c7d0387a-750d-483e-aedc-683accec753c.mirbase21.mirnas.quantification.txt,Primary Tumor
58b7fa42-4a64-4ec7-8f57-08958805f4ce.mirbase21.mirnas.quantification.txt,Primary Tumor
2962349b-915f-48f3-9e02-a424d5e05b8a.mirbase21.mirnas.quantification.txt,Primary Tumor
40a73154-df96-4325-a261-f398216b15f3.mirbase21.mirnas.quantification.txt,Primary Tumor
6fc6735c-5622-4473-9d27-a9efd7eba353.mirbase21.mirnas.quantification.txt,Primary Tumor
5be9098e-11fd-45e1-a0e8-34e16c1235b8.mirbase21.mirnas.quantification.txt,Primary Tumor
a2f2dea4-f399-4801-a322-b94e76768c13.mirbase21.mirnas.quantification.txt,Primary Tumor
57491d88-9bd6-4351-9b25-076174e99a1d.mirbase21.mirnas.quantification.txt,Primary Tumor
e19f8528-11d1-43ff-8c94-6943b7811535.mirbase21.mirnas.quantification.txt,Primary Tumor
e8399385-0763-45a9-a7aa-897f654b8a0d.mirbase21.mirnas.quantification.txt,Primary Tumor
e560fafa-a16a-4f0a-bb1d-43b218bae470.mirbase21.mirnas.quantification.txt,Recurrent Tumor
2b90d452-fc2e-412b-af78-2496f5d2659f.mirbase21.mirnas.quantification.txt,Primary Tumor
a4daaa5f-319c-4c6b-8b3c-0092cd427657.mirbase21.mirnas.quantification.txt,Primary Tumor
509b6966-7448-4053-abb3-d94b062e0019.mirbase21.mirnas.quantification.txt,Primary Tumor
d17476f3-cf5a-47e2-8be6-1a2ae1019231.mirbase21.mirnas.quantification.txt,Primary Tumor
2decc308-93eb-47e0-abb2-9aff819a7fd4.mirbase21.mirnas.quantification.txt,Primary Tumor
bf1eefd1-6a93-49ad-9e07-544dd28d2f22.mirbase21.mirnas.quantification.txt,Primary Tumor
3b09a6eb-4a93-4133-b3ee-d22a3567e200.mirbase21.mirnas.quantification.txt,Primary Tumor
804b4965-1b5f-477d-8ef7-1c09cb14c62d.mirbase21.mirnas.quantification.txt,Primary Tumor
73f66595-8370-429a-98e9-64ed89fc450b.mirbase21.mirnas.quantification.txt,Primary Tumor
d53e9330-4816-4a06-b584-76254d7dbc48.mirbase21.mirnas.quantification.txt,Primary Tumor
15ed66be-3b50-4ddb-91ac-35cef46cac5e.mirbase21.mirnas.quantification.txt,Primary Tumor
277e6c98-f916-4289-af6c-0fbcfe16ba99.mirbase21.mirnas.quantification.txt,Primary Tumor
350be3d9-bb56-482f-b349-af9d9edb055b.mirbase21.mirnas.quantification.txt,Primary Tumor
60bbb84a-4bb5-4eeb-bcee-683d5339937b.mirbase21.mirnas.quantification.txt,Primary Tumor
577cb5a7-6def-416d-9c9b-f7474ecd5cfd.mirbase21.mirnas.quantification.txt,Primary Tumor
e8bf95f6-5c9d-43d0-8189-ef3cac62504e.mirbase21.mirnas.quantification.txt,Primary Tumor
4fb22529-e8d2-471a-8304-5885c2336319.mirbase21.mirnas.quantification.txt,Primary Tumor
e1f3f4e7-5277-4e16-b566-316f745281a3.mirbase21.mirnas.quantification.txt,Primary Tumor
dce380f4-ba80-446e-a693-0fd5d57731f1.mirbase21.mirnas.quantification.txt,Primary Tumor
14f0a27e-a865-4ded-a9d5-05da6f506526.mirbase21.mirnas.quantification.txt,Primary Tumor
1f5ab314-758d-4e8a-99a7-8c1b8e59a495.mirbase21.mirnas.quantification.txt,Recurrent Tumor
98f5f034-a676-47cd-abfe-8f263e57c053.mirbase21.mirnas.quantification.txt,Primary Tumor
0d8d4c0e-4be1-4676-87a1-2198b2e5efe7.mirbase21.mirnas.quantification.txt,Primary Tumor
6677d5a7-28d0-4679-9a89-1caaf395c10c.mirbase21.mirnas.quantification.txt,Primary Tumor
e55c4713-d1d3-4e95-8270-0d0f33e5c85f.mirbase21.mirnas.quantification.txt,Primary Tumor
5095c1b2-065b-499b-b973-2dca6221392c.mirbase21.mirnas.quantification.txt,Primary Tumor
681f924a-79ca-44d5-aa2c-138200ed66b6.mirbase21.mirnas.quantification.txt,Primary Tumor
37566ec1-8100-40c0-b847-0f9709db159f.mirbase21.mirnas.quantification.txt,Primary Tumor
676c5d16-b807-4178-a0fa-8c8d4820c05e.mirbase21.mirnas.quantification.txt,Primary Tumor
edb83cfa-56a3-4f82-86a5-249c46cceea8.mirbase21.mirnas.quantification.txt,Primary Tumor
eea5f42c-667b-4719-9fce-931dd6dc17fd.mirbase21.mirnas.quantification.txt,Recurrent Tumor
ce058d49-77b3-442d-8446-49eac18098e1.mirbase21.mirnas.quantification.txt,Primary Tumor
9b0d88b2-0651-4b59-b879-96fae1011699.mirbase21.mirnas.quantification.txt,Primary Tumor
14261a65-385d-482b-890e-1fc181a93056.mirbase21.mirnas.quantification.txt,Primary Tumor
651ee1ba-48ed-40b2-b344-03fb6cd3725a.mirbase21.mirnas.quantification.txt,Recurrent Tumor
ea19f4a8-7bdc-438c-9164-bc9cb3212ffb.mirbase21.mirnas.quantification.txt,Primary Tumor
0dc76450-ff9e-41ad-8793-dff1925aa9ab.mirbase21.mirnas.quantification.txt,Primary Tumor
06aad965-2ce8-442d-99f3-750e0f23f985.mirbase21.mirnas.quantification.txt,Primary Tumor
9a1d7dec-14a7-4a15-937c-9e7429a42b61.mirbase21.mirnas.quantification.txt,Primary Tumor
5e38abce-f7ca-40bc-aeef-3853146b6f00.mirbase21.mirnas.quantification.txt,Primary Tumor
71c7f279-070b-42f5-96e0-f49bae2cba4f.mirbase21.mirnas.quantification.txt,Primary Tumor
34239ddf-5d89-4d24-a52f-50715f87617f.mirbase21.mirnas.quantification.txt,Primary Tumor
6ac57835-b2bb-4ba0-bf73-9cc6ec23b46a.mirbase21.mirnas.quantification.txt,Primary Tumor
6c4c42e2-e362-4795-84e3-fc3feb831d15.mirbase21.mirnas.quantification.txt,Primary Tumor
afc123f0-9f4b-46e9-8304-543830311c2b.mirbase21.mirnas.quantification.txt,Primary Tumor
fad2eb2d-e11e-4661-99ef-f822efc125f2.mirbase21.mirnas.quantification.txt,Primary Tumor
62c48915-d1ab-40e7-acc1-a0a12ae21c5c.mirbase21.mirnas.quantification.txt,Primary Tumor
b485e0d2-2c9a-4875-aa8b-fd293e1bb475.mirbase21.mirnas.quantification.txt,Primary Tumor
e4f4ad3e-4b95-46ce-8b10-691533f9a2ef.mirbase21.mirnas.quantification.txt,Primary Tumor
0337b101-adef-4139-80a9-fdcd5e93a9f5.mirbase21.mirnas.quantification.txt,Primary Tumor
001e4db4-2dda-4319-9401-c8e04980e17a.mirbase21.mirnas.quantification.txt,Primary Tumor
c1ce5551-423e-40e1-9f5b-c3b03fe3a57b.mirbase21.mirnas.quantification.txt,Primary Tumor
cf2c54da-1fd9-4266-9143-a16d6649322b.mirbase21.mirnas.quantification.txt,Primary Tumor
81f9d131-cb8e-4b76-8400-d99b78c2860b.mirbase21.mirnas.quantification.txt,Primary Tumor
7ffb7926-252e-4833-9049-433507ef9db7.mirbase21.mirnas.quantification.txt,Primary Tumor
8d946c80-2f36-4e21-902f-5f1a0a21750d.mirbase21.mirnas.quantification.txt,Primary Tumor
0264ff7d-f944-4e46-87ea-ed4687fd9af6.mirbase21.mirnas.quantification.txt,Primary Tumor
61d4c00a-bcc8-4898-b484-c1eefb63ad7a.mirbase21.mirnas.quantification.txt,Primary Tumor
de082954-5b58-449c-8522-791e5a20c8fb.mirbase21.mirnas.quantification.txt,Primary Tumor
d81f66be-1c02-4660-827c-13c79fbf88b4.mirbase21.mirnas.quantification.txt,Primary Tumor
d3cd1e0c-704b-4569-9c14-d6001a5a402b.mirbase21.mirnas.quantification.txt,Primary Tumor
d191dd04-3004-4153-8430-9d94da1744e9.mirbase21.mirnas.quantification.txt,Primary Tumor
2b2fe3e2-1bb1-4a8e-a35a-8c6c3ab26132.mirbase21.mirnas.quantification.txt,Primary Tumor
3708359d-7f2c-4cb6-b353-0e8f0b39f472.mirbase21.mirnas.quantification.txt,Primary Tumor
c3031062-20ee-43b5-ae54-75fed279e0e4.mirbase21.mirnas.quantification.txt,Primary Tumor
446233ca-7076-442f-910e-f9ff9edaa9d0.mirbase21.mirnas.quantification.txt,Primary Tumor
a348f2d1-ad1f-41bc-81fa-97897f55a980.mirbase21.mirnas.quantification.txt,Primary Tumor
985e6447-0193-44e1-8cff-7cd1a2db2fea.mirbase21.mirnas.quantification.txt,Primary Tumor
088652e0-f584-4e89-adb1-e28d4b60f99b.mirbase21.mirnas.quantification.txt,Primary Tumor
35cc76fa-cf1c-4de1-949a-76f0ddb2039e.mirbase21.mirnas.quantification.txt,Primary Tumor
5f3ce909-5487-4d62-83b0-d254805f3db5.mirbase21.mirnas.quantification.txt,Primary Tumor
4892ba5c-d139-430a-9875-5ddefd55b07a.mirbase21.mirnas.quantification.txt,Primary Tumor
c672d7d3-0b74-4222-b622-60c5d51e1622.mirbase21.mirnas.quantification.txt,Primary Tumor
5e19fc69-9c23-479b-9694-1f84e49c3f73.mirbase21.mirnas.quantification.txt,Primary Tumor
359fb33b-9fe0-455f-a93f-2c5023f5a137.mirbase21.mirnas.quantification.txt,Primary Tumor
9249defd-e9c4-4ad2-bb68-265190a3f6d1.mirbase21.mirnas.quantification.txt,Primary Tumor
d57c037e-70eb-4457-a29a-395dba2a27fc.mirbase21.mirnas.quantification.txt,Primary Tumor
26f59fd9-edc6-4c92-ba7e-c75400ddeb90.mirbase21.mirnas.quantification.txt,Primary Tumor
1186b06d-0197-44f1-ab2e-dca275631f6a.mirbase21.mirnas.quantification.txt,Primary Tumor
476d054b-85f8-4d07-ba43-b8b023811260.mirbase21.mirnas.quantification.txt,Primary Tumor
93024ba6-a52b-461f-9614-1017de499727.mirbase21.mirnas.quantification.txt,Primary Tumor
70217609-851d-46c4-846a-e7790ee1c7eb.mirbase21.mirnas.quantification.txt,Primary Tumor
2c22c48f-dd45-4cd4-851a-fe034fc1d858.mirbase21.mirnas.quantification.txt,Primary Tumor
77ca0d7c-f04b-4872-89bb-cdc19cc790a6.mirbase21.mirnas.quantification.txt,Primary Tumor
2de61b73-726d-4ee2-8f58-ea9ccb1c96f0.mirbase21.mirnas.quantification.txt,Primary Tumor
457b3e55-0fc1-46f0-b6b5-e1d6a3fdccf9.mirbase21.mirnas.quantification.txt,Primary Tumor
1ba2eaf8-5676-404d-a63e-b015f18f5fce.mirbase21.mirnas.quantification.txt,Primary Tumor
88f60a9f-66f0-45b3-a030-b4cb7da4134f.mirbase21.mirnas.quantification.txt,Primary Tumor
cdc3ff0e-bea3-4464-aaf4-fd7708917f09.mirbase21.mirnas.quantification.txt,Primary Tumor
f5be645e-ad8e-4f29-bbc5-9dcb5ea2774c.mirbase21.mirnas.quantification.txt,Primary Tumor
d4f875ac-15bf-4cf3-87a3-4fa70d54d01f.mirbase21.mirnas.quantification.txt,Primary Tumor
32ce13a2-8ea3-4943-8d15-0292081c6d4a.mirbase21.mirnas.quantification.txt,Primary Tumor
449f8fcf-4881-489b-a64b-232ccfb9685c.mirbase21.mirnas.quantification.txt,Primary Tumor
826e0790-8d13-42f1-a683-9e4f6dfc5344.mirbase21.mirnas.quantification.txt,Primary Tumor
22fd3ff7-ba93-4059-a37d-5b14d1307fd8.mirbase21.mirnas.quantification.txt,Primary Tumor
bd18e00a-28a8-4b90-9242-75dc9233d825.mirbase21.mirnas.quantification.txt,Primary Tumor
40368f12-0a9e-49fb-9de8-38339027d87b.mirbase21.mirnas.quantification.txt,Primary Tumor
950fde9d-9e5e-4576-aa73-0eb61cc8660e.mirbase21.mirnas.quantification.txt,Primary Tumor
95659a99-30b7-4374-bfe4-3200a679017c.mirbase21.mirnas.quantification.txt,Primary Tumor
2fb8284b-d32a-4e9f-b3a8-c991efc01c78.mirbase21.mirnas.quantification.txt,Primary Tumor
7bd7a883-39f1-4e40-bf7d-46d6fb949112.mirbase21.mirnas.quantification.txt,Primary Tumor
3ab51d13-6712-4357-9627-baa4efc0d277.mirbase21.mirnas.quantification.txt,Primary Tumor
5fd87acf-ff7e-4516-a9b8-f345565c5db7.mirbase21.mirnas.quantification.txt,Primary Tumor
b4a6d147-5f30-46c0-b3e6-be23e80fbc5a.mirbase21.mirnas.quantification.txt,Primary Tumor
527fe316-9376-4cf2-997c-031ef025acc7.mirbase21.mirnas.quantification.txt,Primary Tumor
2a03eefd-b533-420a-8b27-7e69b360bcdc.mirbase21.mirnas.quantification.txt,Primary Tumor
8e6aed5e-fad5-45b8-8c1f-c667279b3daa.mirbase21.mirnas.quantification.txt,Primary Tumor
c8d6a12f-aa21-4de3-a1ff-166289cd979d.mirbase21.mirnas.quantification.txt,Primary Tumor
37334beb-4cbb-46dd-9c78-fcce16a24821.mirbase21.mirnas.quantification.txt,Primary Tumor
cb73f053-0544-4ff1-8461-d7271932ffa6.mirbase21.mirnas.quantification.txt,Primary Tumor
b8939dc5-b51e-4792-8ca8-dd574f110950.mirbase21.mirnas.quantification.txt,Primary Tumor
77189c27-144e-45d7-bda1-e96265c8f870.mirbase21.mirnas.quantification.txt,Primary Tumor
6508772b-6d96-4ce1-8d67-ffaf15e96f99.mirbase21.mirnas.quantification.txt,Primary Tumor
c85218fb-d1e7-4ea4-a9f4-ca7ae9dc61cd.mirbase21.mirnas.quantification.txt,Primary Tumor
88136cfd-62cc-4df3-acb0-16b8a38ef94e.mirbase21.mirnas.quantification.txt,Primary Tumor
a10a80fd-dbb7-43c8-9c74-a6fefe4675a4.mirbase21.mirnas.quantification.txt,Primary Tumor
a7115fd0-2723-44f6-8c96-f10eeb7305c8.mirbase21.mirnas.quantification.txt,Primary Tumor
85c34238-b4c4-4229-82a9-f81a2e874ae1.mirbase21.mirnas.quantification.txt,Primary Tumor
cff0d60d-4986-4d88-925d-24d230e875bc.mirbase21.mirnas.quantification.txt,Primary Tumor
3811650f-cdcc-415f-954b-f5a50cc92790.mirbase21.mirnas.quantification.txt,Primary Tumor
c79f0f39-5403-4430-9d52-c138ddbf2cf5.mirbase21.mirnas.quantification.txt,Primary Tumor
f63ee1f6-a4d3-4ab2-83c7-50aa7b5ba8ba.mirbase21.mirnas.quantification.txt,Primary Tumor
d4e72a40-6ced-4f31-8015-d3945da3b6f1.mirbase21.mirnas.quantification.txt,Primary Tumor
7f78f3ac-3086-41c2-92dd-84c0f7eae34d.mirbase21.mirnas.quantification.txt,Primary Tumor
06ba2201-bdf0-4dd2-bf8b-dd9971301c51.mirbase21.mirnas.quantification.txt,Primary Tumor
3d5f6b2b-c7cb-48ae-a6c9-6aa84537d2b2.mirbase21.mirnas.quantification.txt,Primary Tumor
9b01f9af-7415-4814-8618-d0a2c8e6d775.mirbase21.mirnas.quantification.txt,Primary Tumor
6c041549-9ad3-4909-9b03-aa9074c0f99c.mirbase21.mirnas.quantification.txt,Primary Tumor
2c4a2f9d-3c3f-4004-941a-deeec69fae85.mirbase21.mirnas.quantification.txt,Primary Tumor
664d0c80-eb23-4017-aa4b-838bf59d9254.mirbase21.mirnas.quantification.txt,Primary Tumor
1adc9068-e729-4f4c-a467-bb5f3b36ff9f.mirbase21.mirnas.quantification.txt,Primary Tumor
9ed38c74-7178-46f5-b52e-aec586e7b69a.mirbase21.mirnas.quantification.txt,Primary Tumor
21f60d56-263b-42dd-a514-1ebf51e51f2e.mirbase21.mirnas.quantification.txt,Primary Tumor
72d00ff6-d541-473e-bf51-b4c1ef4ce904.mirbase21.mirnas.quantification.txt,Primary Tumor
887748ac-04c3-43c6-b66a-91646de0efe7.mirbase21.mirnas.quantification.txt,Primary Tumor
0225f7b8-ffbc-497f-9da6-f2201517176d.mirbase21.mirnas.quantification.txt,Primary Tumor
e4c305c2-57af-4dc3-bad1-2f65f9cbfeea.mirbase21.mirnas.quantification.txt,Primary Tumor
959a0798-98ad-40fe-af7c-bdf357d4b7a1.mirbase21.mirnas.quantification.txt,Primary Tumor
e69671d2-5a73-4d6f-a972-207a0cb13fc5.mirbase21.mirnas.quantification.txt,Primary Tumor
c76eefec-dc3c-4672-b086-8fa1291c33ef.mirbase21.mirnas.quantification.txt,Primary Tumor
ae9fc706-55ee-46b9-9307-9d0f09716c87.mirbase21.mirnas.quantification.txt,Primary Tumor
7f31fbd0-4cd2-425d-a0e6-f633bad62bc5.mirbase21.mirnas.quantification.txt,Primary Tumor
19d31817-05a2-4b99-b4a8-e985a374c1a2.mirbase21.mirnas.quantification.txt,Primary Tumor
60600025-8e7d-460d-b70d-f1b6f108458e.mirbase21.mirnas.quantification.txt,Primary Tumor
31a7255f-c166-49f6-bcb8-b01b01a1c0a4.mirbase21.mirnas.quantification.txt,Primary Tumor
db8f5eec-0bbd-406c-8466-284e326f954d.mirbase21.mirnas.quantification.txt,Primary Tumor
9c0861c2-d81c-4c5b-9ae9-ab49d3af84f7.mirbase21.mirnas.quantification.txt,Primary Tumor
92e180df-176c-4071-9ce5-dc5585067e34.mirbase21.mirnas.quantification.txt,Recurrent Tumor
abc5f658-a3a4-4427-bbd6-c141b8acf042.mirbase21.mirnas.quantification.txt,Primary Tumor
acd98735-1245-44db-8ba5-7680bc033d86.mirbase21.mirnas.quantification.txt,Primary Tumor
271ea70a-9908-4835-8bd4-25ab27be8cf2.mirbase21.mirnas.quantification.txt,Primary Tumor
7d4240d2-478c-4e09-a98f-5b30c89fadc2.mirbase21.mirnas.quantification.txt,Primary Tumor
c5939f16-aad6-495b-aba0-d14aa422d0cd.mirbase21.mirnas.quantification.txt,Primary Tumor
61bbdf9b-4f4c-49d4-b3cd-46793a202c73.mirbase21.mirnas.quantification.txt,Primary Tumor
a8d06ae5-6b3b-4909-a9fc-810275753458.mirbase21.mirnas.quantification.txt,Primary Tumor
d7dd5ae5-dfec-4e04-8b98-bfc9166847a8.mirbase21.mirnas.quantification.txt,Primary Tumor
e6c98926-85c4-4ca5-abc2-02eed5637a04.mirbase21.mirnas.quantification.txt,Primary Tumor
45a28fef-9c76-4bc3-b500-462a09a45d77.mirbase21.mirnas.quantification.txt,Primary Tumor
