1b8fc655-8f38-4d99-9945-131af673f31e.mirbase21.mirnas.quantification.txt,Solid Tissue Normal
dfb1fbb4-faab-4dc3-a7c2-9c2cd5838153.mirbase21.mirnas.quantification.txt,Primary Tumor
cd88d4aa-99b6-495e-97fb-1a062aed48a2.mirbase21.mirnas.quantification.txt,Primary Tumor
a380b15f-e510-4904-82e8-71cc1b48a72b.mirbase21.mirnas.quantification.txt,Primary Tumor
7acdc4dc-bd3e-467e-bd50-38b75d8580ed.mirbase21.mirnas.quantification.txt,Primary Tumor
b5800e72-e622-436c-9d60-85fd360877be.mirbase21.mirnas.quantification.txt,Primary Tumor
a651873b-1137-4c5f-ba89-3a16a47cf9d9.mirbase21.mirnas.quantification.txt,Primary Tumor
7b1a8de2-9eda-44fc-bb91-8afd83e7bf0d.mirbase21.mirnas.quantification.txt,Primary Tumor
19e0c53e-1598-4603-8a07-1304edcd5712.mirbase21.mirnas.quantification.txt,Primary Tumor
aa75cc8a-33cd-4ab2-9532-57180d6bda4e.mirbase21.mirnas.quantification.txt,Primary Tumor
13fb132a-d9af-4917-9e7d-a4d25fb08e9e.mirbase21.mirnas.quantification.txt,Primary Tumor
2cd7c54d-b120-43b5-8b04-385a8735e3eb.mirbase21.mirnas.quantification.txt,Primary Tumor
912bc7f5-fa03-4047-8edd-bd984a2a4d8d.mirbase21.mirnas.quantification.txt,Primary Tumor
f9a3b84f-3b73-4f5f-8b68-1aa1fa553ee7.mirbase21.mirnas.quantification.txt,Primary Tumor
b4e7dda5-9ba5-4312-9593-4f9a3baaba2e.mirbase21.mirnas.quantification.txt,Primary Tumor
e00a6fae-7110-40cd-90d9-8622f8a51f4c.mirbase21.mirnas.quantification.txt,Primary Tumor
cb8b631d-997d-40c3-bec6-384cb7dcfe1c.mirbase21.mirnas.quantification.txt,Primary Tumor
d30ca62b-ad24-49dd-be75-9b510fc57bd9.mirbase21.mirnas.quantification.txt,Primary Tumor
ece38c09-dcff-4ded-b5ed-166a387ce27a.mirbase21.mirnas.quantification.txt,Primary Tumor
1d7cf912-2317-4a12-aa3a-385c38e7c51b.mirbase21.mirnas.quantification.txt,Solid Tissue Normal
4f80ab99-6719-4626-92bc-c90a1b1ed724.mirbase21.mirnas.quantification.txt,Solid Tissue Normal
1f4d0bb9-23e8-4ba0-93cb-8e5efdcfcf9a.mirbase21.mirnas.quantification.txt,Solid Tissue Normal
7e3535bc-0156-4003-baa5-2f894e572dab.mirbase21.mirnas.quantification.txt,Primary Tumor
c98c66f5-f22a-41b2-968d-c8aadf462052.mirbase21.mirnas.quantification.txt,Primary Tumor
3be01c96-9c17-4285-9ac2-5b9bb0b7a718.mirbase21.mirnas.quantification.txt,Primary Tumor
0bb63e02-f74a-4acc-b000-b87bd5abcd71.mirbase21.mirnas.quantification.txt,Primary Tumor
18d4f9c3-6002-4cf8-a13e-c94b63fa44a5.mirbase21.mirnas.quantification.txt,Solid Tissue Normal
29ac21a4-5c3d-4ab4-b524-cf5f32b880bd.mirbase21.mirnas.quantification.txt,Primary Tumor
f122cf42-52e9-4fd1-8626-21aef93bdda9.mirbase21.mirnas.quantification.txt,Primary Tumor
9ffecd7e-a0f0-468d-a6d0-c1082fc32b40.mirbase21.mirnas.quantification.txt,Primary Tumor
418337d2-4f56-4bed-906a-b86d0eac9309.mirbase21.mirnas.quantification.txt,Primary Tumor
b83c2ddb-eeea-4c3e-8ed4-75bd4ea4bc7b.mirbase21.mirnas.quantification.txt,Primary Tumor
5780f34b-b8eb-4219-a12c-3479bac54f08.mirbase21.mirnas.quantification.txt,Primary Tumor
a647ecb5-5cb1-492e-9687-e5524d163d03.mirbase21.mirnas.quantification.txt,Primary Tumor
1136e4a5-de19-4bdf-9703-ca0eff84e21e.mirbase21.mirnas.quantification.txt,Primary Tumor
6a1b3d77-d77e-48c3-a5eb-df4d25d345e5.mirbase21.mirnas.quantification.txt,Primary Tumor
34f450f8-d7e0-46ce-adf2-98ee7fdacf92.mirbase21.mirnas.quantification.txt,Primary Tumor
a4508dad-24f1-427b-b43d-419d11467f9a.mirbase21.mirnas.quantification.txt,Primary Tumor
cbc60548-1428-4a17-a767-0f040cd24780.mirbase21.mirnas.quantification.txt,Solid Tissue Normal
4d70b2a9-7ca6-4784-9e9b-15562a679821.mirbase21.mirnas.quantification.txt,Solid Tissue Normal
8204d38d-337a-4cba-9482-c84b6e0134b5.mirbase21.mirnas.quantification.txt,Primary Tumor
a454e5bb-f633-4a6e-ad67-1d0effe7b352.mirbase21.mirnas.quantification.txt,Metastatic
710a638f-0d90-487d-8567-4975d895f09f.mirbase21.mirnas.quantification.txt,Primary Tumor
69b3464d-c50f-4f4e-9334-1d5ea055e2a5.mirbase21.mirnas.quantification.txt,Primary Tumor
9c5a4981-efd2-4c35-b6bd-a15fbf44f7c8.mirbase21.mirnas.quantification.txt,Solid Tissue Normal
10db26c3-20bd-4204-bbdc-eb1ad49e91c3.mirbase21.mirnas.quantification.txt,Primary Tumor
71280941-e24a-4041-a366-4430cf81614d.mirbase21.mirnas.quantification.txt,Primary Tumor
8927b32d-b478-4f7d-b2eb-ae7dfc5071b2.mirbase21.mirnas.quantification.txt,Primary Tumor
ab24cb18-c79f-48f4-8eec-6164ba4b5264.mirbase21.mirnas.quantification.txt,Primary Tumor
466215b5-4593-400d-8170-723de4a41428.mirbase21.mirnas.quantification.txt,Primary Tumor
677a908a-e9ba-41b0-a2a1-66a5ebf9a434.mirbase21.mirnas.quantification.txt,Primary Tumor
222342ac-43f6-4be5-8cde-4aedde052acd.mirbase21.mirnas.quantification.txt,Primary Tumor
a94d1ab5-6c8a-4437-8c99-20a6c44cd09a.mirbase21.mirnas.quantification.txt,Primary Tumor
7d2c016f-7763-4723-871b-cc2685d2299c.mirbase21.mirnas.quantification.txt,Primary Tumor
a956f9aa-d3f3-4130-8899-d7505e2a52e2.mirbase21.mirnas.quantification.txt,Primary Tumor
4d63ecc3-6cba-4893-88bf-d7b927b99cd4.mirbase21.mirnas.quantification.txt,Primary Tumor
2cda1e79-db79-4664-bf72-2e8327b61ae2.mirbase21.mirnas.quantification.txt,Primary Tumor
890ccbe0-193d-4c06-ac56-96a2794fa5a4.mirbase21.mirnas.quantification.txt,Primary Tumor
bfd9eb35-ba0d-4c4c-b466-60bb5a197723.mirbase21.mirnas.quantification.txt,Primary Tumor
a1c1f61f-b8cd-4567-bad3-5f28eb20d1be.mirbase21.mirnas.quantification.txt,Primary Tumor
92d667b3-1714-46a7-8553-c390bef83d14.mirbase21.mirnas.quantification.txt,Primary Tumor
c8042fb0-27e4-4d9a-9ada-acf485e4a4e6.mirbase21.mirnas.quantification.txt,Primary Tumor
21b5525d-dcf3-4768-97c7-c8c3593883cf.mirbase21.mirnas.quantification.txt,Primary Tumor
83ee2c42-7cd8-4005-9687-3db95612c59c.mirbase21.mirnas.quantification.txt,Primary Tumor
6b39d945-5226-404b-ab46-57b1930a460b.mirbase21.mirnas.quantification.txt,Primary Tumor
34a1c36b-9281-4b79-af4c-068c9887a796.mirbase21.mirnas.quantification.txt,Primary Tumor
3978052d-5771-481a-b398-7a3f1d143de3.mirbase21.mirnas.quantification.txt,Primary Tumor
daf3b479-79cc-4f4e-b136-923ef6156e48.mirbase21.mirnas.quantification.txt,Primary Tumor
567dda93-73ae-49d2-a810-1179273de4a9.mirbase21.mirnas.quantification.txt,Primary Tumor
7f75e4bd-881d-4c5c-86e7-0b75c3fde561.mirbase21.mirnas.quantification.txt,Primary Tumor
d089e289-4058-4944-b01d-b7ad882bd4e7.mirbase21.mirnas.quantification.txt,Solid Tissue Normal
6e8f0a02-51cf-42ac-8042-8b143d7ab7e1.mirbase21.mirnas.quantification.txt,Primary Tumor
ce7471cc-a727-42bb-bded-e4a657e5b8fb.mirbase21.mirnas.quantification.txt,Primary Tumor
251e6941-c356-414a-9400-2b0afce3c27a.mirbase21.mirnas.quantification.txt,Primary Tumor
b72ced9d-ad0a-42cd-8a28-565a462f9d7b.mirbase21.mirnas.quantification.txt,Primary Tumor
386beae8-9fc3-465d-a928-8a5ab64484d7.mirbase21.mirnas.quantification.txt,Primary Tumor
52829b22-1c4e-4874-8062-51ed7bb1b997.mirbase21.mirnas.quantification.txt,Primary Tumor
5e082c48-83fa-420d-933f-1a5c96be3612.mirbase21.mirnas.quantification.txt,Primary Tumor
f8a47afe-4d7c-4553-9bb9-467d03f1fe9b.mirbase21.mirnas.quantification.txt,Primary Tumor
413baf4c-c1c7-42a9-95e0-7b78a0c55e00.mirbase21.mirnas.quantification.txt,Solid Tissue Normal
9577363c-05c3-440b-85e8-02c5bf03265b.mirbase21.mirnas.quantification.txt,Primary Tumor
5362c264-ef43-498f-b6aa-362f127a8e94.mirbase21.mirnas.quantification.txt,Primary Tumor
98cb3a87-92bb-4af4-b4a4-5fd0c66c35b5.mirbase21.mirnas.quantification.txt,Primary Tumor
5ae39cc2-5dfa-46ce-8cc0-f7d7020b84f2.mirbase21.mirnas.quantification.txt,Primary Tumor
94b82f25-5a16-4bb2-ad0c-bcbbc2432078.mirbase21.mirnas.quantification.txt,Primary Tumor
5411d080-449f-4f06-b2ab-be57273027e3.mirbase21.mirnas.quantification.txt,Primary Tumor
ceed6c37-0a34-42e8-98a6-5e3626e62c2f.mirbase21.mirnas.quantification.txt,Primary Tumor
13b8725a-7af6-4f64-88a2-54634132a663.mirbase21.mirnas.quantification.txt,Primary Tumor
31edc83e-fd81-4c00-85f0-396701cbc0b5.mirbase21.mirnas.quantification.txt,Primary Tumor
21f86f5f-ec3b-45a8-894f-4426e6f31d6c.mirbase21.mirnas.quantification.txt,Primary Tumor
8fda075d-53f7-4d62-9b5f-17ba754e3b5a.mirbase21.mirnas.quantification.txt,Primary Tumor
1adae0c5-d78b-4746-889d-7794467ea2ba.mirbase21.mirnas.quantification.txt,Primary Tumor
d7c03f58-32b9-4dd4-9725-4c3880478dc3.mirbase21.mirnas.quantification.txt,Primary Tumor
5fc1aeb2-06da-4619-8b26-8e0e0333f653.mirbase21.mirnas.quantification.txt,Primary Tumor
bc1018a6-62f3-4386-a545-9fa8a31a2e96.mirbase21.mirnas.quantification.txt,Primary Tumor
0c941315-8f00-4ef1-bf7e-b1fd84ad9018.mirbase21.mirnas.quantification.txt,Primary Tumor
7b28237b-8d9e-4e89-bab9-e1c27739acba.mirbase21.mirnas.quantification.txt,Primary Tumor
3ca2e165-47ab-4fb1-b955-109d44f81774.mirbase21.mirnas.quantification.txt,Primary Tumor
260b3010-3d3c-47ec-8725-39f7b64d29e5.mirbase21.mirnas.quantification.txt,Primary Tumor
0ae468f8-e4d8-465d-b746-c8caa920e925.mirbase21.mirnas.quantification.txt,Primary Tumor
0b3e945b-971a-49b8-9371-ce217e3f157e.mirbase21.mirnas.quantification.txt,Primary Tumor
abb12646-a68e-4819-9b06-baea10617c8a.mirbase21.mirnas.quantification.txt,Primary Tumor
ce94126e-a0fe-42ec-8b8f-6391d4480b03.mirbase21.mirnas.quantification.txt,Primary Tumor
06b0a978-dbcf-4e33-b184-e50fa93ca0e4.mirbase21.mirnas.quantification.txt,Primary Tumor
176658d5-f8eb-414b-87d7-444271766d75.mirbase21.mirnas.quantification.txt,Primary Tumor
9b413ca5-5a75-4ceb-9059-0f772af2fbe5.mirbase21.mirnas.quantification.txt,Primary Tumor
7bac4211-90ac-4564-95e2-4243fd34577a.mirbase21.mirnas.quantification.txt,Primary Tumor
573afc08-1729-4127-bdcf-845164c64ee5.mirbase21.mirnas.quantification.txt,Primary Tumor
fb3b017e-77c4-4e76-b48a-98c65950afab.mirbase21.mirnas.quantification.txt,Primary Tumor
7d500624-5b06-4cdb-92b3-d68f6123fba5.mirbase21.mirnas.quantification.txt,Primary Tumor
05510e25-4cb5-4bfa-b761-05b68c40247d.mirbase21.mirnas.quantification.txt,Primary Tumor
12d955e2-b84c-4adf-b08a-4a27a6174f8f.mirbase21.mirnas.quantification.txt,Primary Tumor
d4a74345-85b3-4dd8-9d78-c044dbe3c0d2.mirbase21.mirnas.quantification.txt,Primary Tumor
27d35f89-f129-4683-a54d-4540d29bdafe.mirbase21.mirnas.quantification.txt,Primary Tumor
22ae1265-0ef4-439e-ab8a-46abd4c8f3b2.mirbase21.mirnas.quantification.txt,Primary Tumor
c507895a-d057-407b-897f-ca5e1009063c.mirbase21.mirnas.quantification.txt,Primary Tumor
57ffb618-af4e-40fc-96aa-f88b7759fb62.mirbase21.mirnas.quantification.txt,Primary Tumor
59d615a9-1667-4626-acdb-1a1a32adf0e3.mirbase21.mirnas.quantification.txt,Primary Tumor
3068d8b1-c407-4ee2-a7e2-582138927142.mirbase21.mirnas.quantification.txt,Primary Tumor
4d89e455-8567-4e7e-9ddb-11fafb618735.mirbase21.mirnas.quantification.txt,Primary Tumor
275f566e-5eb7-4529-8766-f4ffb8824e3a.mirbase21.mirnas.quantification.txt,Solid Tissue Normal
d6a86f8b-ee8e-4e53-9590-b69a4ad551e5.mirbase21.mirnas.quantification.txt,Primary Tumor
823c8613-018f-4f5b-be5c-fbb46b3be79a.mirbase21.mirnas.quantification.txt,Primary Tumor
f3c212d5-7c71-446a-a0fe-f0b44cd1c1e5.mirbase21.mirnas.quantification.txt,Primary Tumor
19872037-837e-490b-9ea4-16ddfd9e1c2b.mirbase21.mirnas.quantification.txt,Primary Tumor
9ebc0671-ee66-44b7-8361-6b62886b5d6a.mirbase21.mirnas.quantification.txt,Primary Tumor
cec2c2cf-5277-42b3-a5a8-5ee3f4c9caa9.mirbase21.mirnas.quantification.txt,Primary Tumor
905c2792-0f7f-4eb3-b3b2-901d8a122736.mirbase21.mirnas.quantification.txt,Primary Tumor
5d1af6d4-4921-40e4-aa71-ab370c80f6b5.mirbase21.mirnas.quantification.txt,Primary Tumor
d51b0428-1d4d-45bc-bb61-e290845d6423.mirbase21.mirnas.quantification.txt,Primary Tumor
103a5f1f-36b9-4b07-8ace-471e1673210f.mirbase21.mirnas.quantification.txt,Primary Tumor
f8fe7bb6-e646-4bc7-a6db-c691fd36a582.mirbase21.mirnas.quantification.txt,Solid Tissue Normal
532b8238-48d7-4d3c-8630-aab0933dc2f3.mirbase21.mirnas.quantification.txt,Primary Tumor
1806dee6-8114-4435-8eb8-ea49399abbe3.mirbase21.mirnas.quantification.txt,Primary Tumor
85d01faa-0c5a-47a6-924e-bf8a96a675a8.mirbase21.mirnas.quantification.txt,Primary Tumor
1f83f540-ab45-4d28-b7b9-895e44bf369e.mirbase21.mirnas.quantification.txt,Primary Tumor
c1dc2366-2470-4854-8b20-08297c622e79.mirbase21.mirnas.quantification.txt,Primary Tumor
58164646-d342-4c39-a70d-942f8fb7b663.mirbase21.mirnas.quantification.txt,Primary Tumor
7a4eaebd-6dfb-483b-a98a-7b4a7852233e.mirbase21.mirnas.quantification.txt,Solid Tissue Normal
f4e7c755-9d9f-4cbb-99e6-091d75be00ae.mirbase21.mirnas.quantification.txt,Primary Tumor
f50cb3c4-4f8d-415e-95a7-de2baab0daef.mirbase21.mirnas.quantification.txt,Primary Tumor
aea6d60e-0447-4ebf-814f-e0f6ff2259ea.mirbase21.mirnas.quantification.txt,Primary Tumor
11fa35ab-72b1-49fa-838a-80147682da89.mirbase21.mirnas.quantification.txt,Primary Tumor
14e2ecdc-9674-42a2-9dff-e6999f5618c4.mirbase21.mirnas.quantification.txt,Primary Tumor
1edab19b-3101-4766-a37f-cf4aca302dab.mirbase21.mirnas.quantification.txt,Solid Tissue Normal
a20be13d-35dd-4165-acaa-c521a59bd5d7.mirbase21.mirnas.quantification.txt,Solid Tissue Normal
0e06a474-9ee3-4ca0-aa07-a48ecaad616f.mirbase21.mirnas.quantification.txt,Primary Tumor
4cc2f9fb-35d4-4d7f-884e-98885b1e56d2.mirbase21.mirnas.quantification.txt,Primary Tumor
ff7e0bf4-8d4b-43b0-9b7a-4fa073bb3a76.mirbase21.mirnas.quantification.txt,Primary Tumor
b713d673-b8a4-443c-b569-55a3c343b0f3.mirbase21.mirnas.quantification.txt,Primary Tumor
53d46d2e-6050-41fc-9427-6f57bbc5cf67.mirbase21.mirnas.quantification.txt,Primary Tumor
20a8566a-ba3f-4bf2-906f-321d25a0f055.mirbase21.mirnas.quantification.txt,Primary Tumor
7c761c25-8f9e-4c13-813b-c0575a427714.mirbase21.mirnas.quantification.txt,Primary Tumor
1e74d678-a915-40ce-ad13-4b7b954f2400.mirbase21.mirnas.quantification.txt,Primary Tumor
d98eca57-7752-4f03-80a2-dac5c07957f0.mirbase21.mirnas.quantification.txt,Primary Tumor
494315de-dc27-480c-b09c-b37cbe1bd7ab.mirbase21.mirnas.quantification.txt,Primary Tumor
907df606-c7be-483b-93b9-39fb4945d9c3.mirbase21.mirnas.quantification.txt,Primary Tumor
0be79207-b05d-42f1-976c-f2a22667714a.mirbase21.mirnas.quantification.txt,Primary Tumor
0296f7dd-e800-4959-9e09-2efddd54f60c.mirbase21.mirnas.quantification.txt,Primary Tumor
7e26df57-482c-4bd6-bd8c-4ecd4dea8788.mirbase21.mirnas.quantification.txt,Primary Tumor
b4596432-835a-4971-88e1-c91301719f7a.mirbase21.mirnas.quantification.txt,Primary Tumor
97eae9cb-d360-431d-a783-7c048879199f.mirbase21.mirnas.quantification.txt,Primary Tumor
250affa9-c5f1-451c-bafc-783705df84a3.mirbase21.mirnas.quantification.txt,Primary Tumor
2a181635-ab97-4384-8293-60802f45d9b5.mirbase21.mirnas.quantification.txt,Primary Tumor
9d0fa46a-1b6f-4e71-9b94-f2c5b9428054.mirbase21.mirnas.quantification.txt,Solid Tissue Normal
5d97e2ed-7cc0-4554-8d68-484739018878.mirbase21.mirnas.quantification.txt,Primary Tumor
64d93d29-2669-4ad4-bc6e-6bf6f2baeca2.mirbase21.mirnas.quantification.txt,Primary Tumor
0c9034e6-b905-4c90-9d93-603682348522.mirbase21.mirnas.quantification.txt,Primary Tumor
fa0ef08c-c0b9-4fff-83d3-81bddca9e86e.mirbase21.mirnas.quantification.txt,Primary Tumor
05c7864d-5627-4a55-82e4-b4d10b761e43.mirbase21.mirnas.quantification.txt,Primary Tumor
5fc57952-099d-41e3-a363-36abba1625b3.mirbase21.mirnas.quantification.txt,Primary Tumor
d250ca1d-c933-4724-92f1-88ed7e926b95.mirbase21.mirnas.quantification.txt,Primary Tumor
10ab1524-da3b-4b37-8884-5db813817208.mirbase21.mirnas.quantification.txt,Solid Tissue Normal
d88c989c-d8f6-427c-96b4-a5ebbe0bcbe5.mirbase21.mirnas.quantification.txt,Primary Tumor
85cec361-295f-4d99-886a-2c4e576a9be4.mirbase21.mirnas.quantification.txt,Primary Tumor
0edbf71a-a6d9-4900-a656-865b29802f76.mirbase21.mirnas.quantification.txt,Primary Tumor
df8fa00d-9f94-4526-8d6d-53b71ec7a145.mirbase21.mirnas.quantification.txt,Solid Tissue Normal
6525a77a-cdff-456a-857d-ebf5ea6a880d.mirbase21.mirnas.quantification.txt,Primary Tumor
7e953a6c-0941-488f-af2d-ffc19f0eb62c.mirbase21.mirnas.quantification.txt,Primary Tumor
20f5358f-a586-4c35-b936-b2ddd5344a02.mirbase21.mirnas.quantification.txt,Primary Tumor
61d2f3b2-948b-45a0-b2f8-ed696e941c9b.mirbase21.mirnas.quantification.txt,Primary Tumor
fa88a3ee-02e1-48d5-80cc-852295c5c9d3.mirbase21.mirnas.quantification.txt,Primary Tumor
17734bbe-d8b7-43d8-abe1-9fad8468c264.mirbase21.mirnas.quantification.txt,Primary Tumor
10743478-228c-46a7-b381-a36ffe396793.mirbase21.mirnas.quantification.txt,Primary Tumor
e6ab0205-78c3-48fd-80f8-901d8c6f55b5.mirbase21.mirnas.quantification.txt,Primary Tumor
f859815a-889e-434b-9bf7-3614a59c57bd.mirbase21.mirnas.quantification.txt,Primary Tumor
9107ffc9-f542-4fc2-b896-b6c71c5d3a80.mirbase21.mirnas.quantification.txt,Primary Tumor
453a933e-8b94-4eee-ad59-74975e45f6dd.mirbase21.mirnas.quantification.txt,Primary Tumor
3074c972-81b2-44b6-8684-fb421c304389.mirbase21.mirnas.quantification.txt,Primary Tumor
4f9ab944-ee29-4f43-ac5d-61cee10483ac.mirbase21.mirnas.quantification.txt,Primary Tumor
53f0d084-21af-425e-9654-0cd8e31b0b22.mirbase21.mirnas.quantification.txt,Primary Tumor
8b48a6e0-fd5b-4f3c-9e28-8de58b81c326.mirbase21.mirnas.quantification.txt,Solid Tissue Normal
5861fadd-0879-4697-a1cd-43e77b205c26.mirbase21.mirnas.quantification.txt,Primary Tumor
3e75b1ff-8a43-4a64-9f14-96b8585489a5.mirbase21.mirnas.quantification.txt,Primary Tumor
fe023123-c1d5-4a3c-9f27-ab9310b0c008.mirbase21.mirnas.quantification.txt,Primary Tumor
c6363c38-98a4-41fa-98f0-a7c717dba7b8.mirbase21.mirnas.quantification.txt,Primary Tumor
1300c740-a254-43e6-b988-9438a35a622a.mirbase21.mirnas.quantification.txt,Primary Tumor
cb58c4c2-ba48-4f6c-81d5-7657b13d0427.mirbase21.mirnas.quantification.txt,Primary Tumor
e1db445a-c63a-45d8-8026-c5a94eb52245.mirbase21.mirnas.quantification.txt,Primary Tumor
3eabf0d9-237f-4704-a8c3-b271e111d698.mirbase21.mirnas.quantification.txt,Primary Tumor
48f5baeb-1769-4af0-8ef9-9b02d0ead70e.mirbase21.mirnas.quantification.txt,Primary Tumor
fff2d652-1256-41d9-ba5c-152386ab45af.mirbase21.mirnas.quantification.txt,Primary Tumor
1458efb7-00e8-441f-935f-b1e0a6df8f13.mirbase21.mirnas.quantification.txt,Solid Tissue Normal
0a1ccbc8-fb0f-45c9-b30e-de9b86d4bf85.mirbase21.mirnas.quantification.txt,Primary Tumor
71bedbcd-4012-4703-acff-0a9022d0d39d.mirbase21.mirnas.quantification.txt,Primary Tumor
732ee0df-c0fa-4fa3-aa77-989a11172285.mirbase21.mirnas.quantification.txt,Primary Tumor
b6990a08-1310-41a3-acd4-31ba8f9387df.mirbase21.mirnas.quantification.txt,Primary Tumor
8bf80ca0-4d11-43b4-9882-d7ef0d156924.mirbase21.mirnas.quantification.txt,Primary Tumor
d0d8377e-10f4-4169-a77f-a17d9be8e5e7.mirbase21.mirnas.quantification.txt,Primary Tumor
744ae4c4-818f-4253-ba78-3b9be9edcce7.mirbase21.mirnas.quantification.txt,Primary Tumor
fed44480-aa3d-49de-a819-de84257a2c81.mirbase21.mirnas.quantification.txt,Primary Tumor
3738e48d-a865-436f-991a-fd3f3a9a8094.mirbase21.mirnas.quantification.txt,Primary Tumor
8a178b3e-179e-4c8b-8c7e-33c91a7d6335.mirbase21.mirnas.quantification.txt,Primary Tumor
d8812fe6-c5cc-49cd-a972-1963761b17ff.mirbase21.mirnas.quantification.txt,Primary Tumor
573edad2-6237-454a-ab58-9940657c4b7a.mirbase21.mirnas.quantification.txt,Primary Tumor
4cdff013-b1a7-4167-8704-219bb0410c0d.mirbase21.mirnas.quantification.txt,Primary Tumor
6c1f7953-a53a-485d-8abb-b405af4e6f6b.mirbase21.mirnas.quantification.txt,Primary Tumor
75114e6a-dd8c-490c-99c0-a8adfb45eedf.mirbase21.mirnas.quantification.txt,Solid Tissue Normal
a2be2fb2-a488-4ff8-8c6f-a44d6a7cca91.mirbase21.mirnas.quantification.txt,Primary Tumor
2374412f-0508-44cc-800e-7ca02cf94ed9.mirbase21.mirnas.quantification.txt,Primary Tumor
2c3da83d-f8b3-4ad5-a8f9-94305660fcb5.mirbase21.mirnas.quantification.txt,Solid Tissue Normal
f59bd4e6-c154-4509-be7c-0aec2fb61875.mirbase21.mirnas.quantification.txt,Primary Tumor
1253b76a-ef4a-4782-9de1-e6e76f33a8ee.mirbase21.mirnas.quantification.txt,Solid Tissue Normal
8a540cec-e283-4a26-868e-a07c64fe3efb.mirbase21.mirnas.quantification.txt,Primary Tumor
c74a2bd9-ce8c-4d7f-99d5-f8bac92ceaf5.mirbase21.mirnas.quantification.txt,Primary Tumor
07f9e955-38d5-4d0a-99bc-42d764dc025f.mirbase21.mirnas.quantification.txt,Solid Tissue Normal
c3356d61-896c-4bb7-a24a-7125b8bd57de.mirbase21.mirnas.quantification.txt,Primary Tumor
010de2d6-ab41-4779-923a-1c288296e267.mirbase21.mirnas.quantification.txt,Primary Tumor
1809f3c6-7c76-4b0c-bd18-ce8a1468b07b.mirbase21.mirnas.quantification.txt,Primary Tumor
e5434dd9-0761-45bb-a0a9-6b042cdd5fa4.mirbase21.mirnas.quantification.txt,Primary Tumor
db644c52-f05e-48b0-af35-c29e0d9cb91a.mirbase21.mirnas.quantification.txt,Primary Tumor
aaf189d3-d81f-4b4d-a0e1-5ed8df8d01ab.mirbase21.mirnas.quantification.txt,Primary Tumor
ece0b34f-0d6a-4883-98e6-baf50bd884ea.mirbase21.mirnas.quantification.txt,Primary Tumor
6a970093-e44b-4275-917d-dea708048c67.mirbase21.mirnas.quantification.txt,Primary Tumor
634b29ab-b1da-48dd-8cf3-c15cbc03e9ff.mirbase21.mirnas.quantification.txt,Primary Tumor
10372e34-aeb4-4e7a-a7ca-71fb7c585d5d.mirbase21.mirnas.quantification.txt,Primary Tumor
7f6fb00b-b6a9-4958-a05f-0709c46f2828.mirbase21.mirnas.quantification.txt,Primary Tumor
c7650940-3baa-4547-bb4d-5805a5c12f27.mirbase21.mirnas.quantification.txt,Primary Tumor
d1d4a7a2-ae22-425a-9893-806dcd0afec9.mirbase21.mirnas.quantification.txt,Primary Tumor
c509bc64-ea7a-4f8a-957c-66539d086536.mirbase21.mirnas.quantification.txt,Primary Tumor
650a7a01-faf2-43f3-924c-bdd7b9914294.mirbase21.mirnas.quantification.txt,Primary Tumor
8ab01ebe-8fe7-4a80-8b2d-aeb07a4f5af2.mirbase21.mirnas.quantification.txt,Primary Tumor
31fa9bfd-dc91-4e27-be93-db7df8df2cd8.mirbase21.mirnas.quantification.txt,Primary Tumor
77cb0334-3a39-439f-81ff-95683df56942.mirbase21.mirnas.quantification.txt,Primary Tumor
51ccec28-8953-4100-bf88-955859bc547f.mirbase21.mirnas.quantification.txt,Primary Tumor
a9c72a75-2d8b-4f11-8af0-8cfed17e0ec4.mirbase21.mirnas.quantification.txt,Primary Tumor
c4e955ec-b9e8-4dc3-a5f0-f2468861f6e5.mirbase21.mirnas.quantification.txt,Primary Tumor
fe712c27-8dbb-4531-afb3-10999e319a7b.mirbase21.mirnas.quantification.txt,Primary Tumor
7c30a8c4-a0f4-436f-9529-903f52292cc0.mirbase21.mirnas.quantification.txt,Primary Tumor
563883e4-45e2-4fdd-baf4-c656ee51191e.mirbase21.mirnas.quantification.txt,Primary Tumor
2300bdd6-8734-4bc9-bbf7-b22b15f1821c.mirbase21.mirnas.quantification.txt,Primary Tumor
a8c7bebe-a450-4a3e-b891-e2d4ac578b04.mirbase21.mirnas.quantification.txt,Primary Tumor
94c12df1-f1ba-400d-9305-03e62accfc8e.mirbase21.mirnas.quantification.txt,Primary Tumor
659b85b2-fb66-4822-ae0c-837c3cbf4095.mirbase21.mirnas.quantification.txt,Primary Tumor
4460e2de-ac90-43df-b029-407f590d480c.mirbase21.mirnas.quantification.txt,Primary Tumor
d4a86ef1-506f-4dc9-904d-69394d0c3dba.mirbase21.mirnas.quantification.txt,Primary Tumor
3a75309d-8514-4bc7-a57f-7ee3904ff978.mirbase21.mirnas.quantification.txt,Primary Tumor
42ae5909-0de6-4da3-a34c-ad0dd5832c32.mirbase21.mirnas.quantification.txt,Primary Tumor
64302b1c-cfec-4d76-a67c-5455c68dbb89.mirbase21.mirnas.quantification.txt,Primary Tumor
cda59159-0883-48d9-8839-5cf9743a41e5.mirbase21.mirnas.quantification.txt,Solid Tissue Normal
6490b269-cbb4-4576-bc30-b12470f3740e.mirbase21.mirnas.quantification.txt,Primary Tumor
2f75259d-abc1-44c8-b7ec-4880afe929d5.mirbase21.mirnas.quantification.txt,Solid Tissue Normal
6b64eac9-2d6e-471f-b7b2-532249cbec21.mirbase21.mirnas.quantification.txt,Primary Tumor
5c33a72f-70aa-477a-a60f-3d775e513e93.mirbase21.mirnas.quantification.txt,Solid Tissue Normal
09e87a05-9372-42b9-bf7c-91bd5dc3ae33.mirbase21.mirnas.quantification.txt,Primary Tumor
74bc4c21-de20-4fa8-9cb2-4cacc50337ad.mirbase21.mirnas.quantification.txt,Primary Tumor
397fe4a8-e6f0-4b36-88e0-dcbb488eff59.mirbase21.mirnas.quantification.txt,Primary Tumor
b56bae60-552c-48bf-a04d-999aa7cbde6f.mirbase21.mirnas.quantification.txt,Primary Tumor
86f15dc2-5cd0-4c70-ab8a-31c039a964fc.mirbase21.mirnas.quantification.txt,Primary Tumor
34ef4d83-af25-4811-9a39-a731df308270.mirbase21.mirnas.quantification.txt,Primary Tumor
6587e2a2-0f94-4d8a-ae35-7465c4cbea7d.mirbase21.mirnas.quantification.txt,Primary Tumor
a81ef833-4483-43ad-b94c-7dbf75a2939b.mirbase21.mirnas.quantification.txt,Solid Tissue Normal
807668b4-c932-4adc-a7ff-3b8e195e89c9.mirbase21.mirnas.quantification.txt,Primary Tumor
31ce585a-95d2-4b0b-b9cd-d4f86f994ef0.mirbase21.mirnas.quantification.txt,Primary Tumor
e144072b-3b30-4530-a4fb-8d2be959f754.mirbase21.mirnas.quantification.txt,Metastatic
c744691c-a8fa-4d3b-8ab2-58a64b8e32d1.mirbase21.mirnas.quantification.txt,Primary Tumor
689d0e18-b8bc-4e7f-90b6-6f05208ed3a8.mirbase21.mirnas.quantification.txt,Primary Tumor
a4397eb3-c9ce-4af7-96cf-75a7bb4bcbbc.mirbase21.mirnas.quantification.txt,Primary Tumor
d7b87911-9d07-4f76-b450-d7b0896b675c.mirbase21.mirnas.quantification.txt,Primary Tumor
156d19bd-03e1-4803-9aab-6260cba44a69.mirbase21.mirnas.quantification.txt,Primary Tumor
e65c1e6a-b761-4cca-98a4-e51ee138faf6.mirbase21.mirnas.quantification.txt,Primary Tumor
99d81c89-be9f-4753-b171-5dcc0cded5f9.mirbase21.mirnas.quantification.txt,Primary Tumor
f856d568-ac78-4651-b934-3293c327bebb.mirbase21.mirnas.quantification.txt,Solid Tissue Normal
b51e7467-de97-4c89-926a-f71e775764d6.mirbase21.mirnas.quantification.txt,Primary Tumor
11824803-f146-45e2-8e99-167cef6c6d37.mirbase21.mirnas.quantification.txt,Primary Tumor
4ee53bf1-9bfd-405c-a166-c88e665ab967.mirbase21.mirnas.quantification.txt,Solid Tissue Normal
c99c4bd7-7c03-4802-a0a3-764941cbbdad.mirbase21.mirnas.quantification.txt,Primary Tumor
1637ee6f-c632-4b06-8dcd-cc1100a3395e.mirbase21.mirnas.quantification.txt,Primary Tumor
d5697403-cbe5-4410-8515-a63c2cf9597d.mirbase21.mirnas.quantification.txt,Primary Tumor
4d0da178-dfbf-4592-8a08-02fabb02cccf.mirbase21.mirnas.quantification.txt,Primary Tumor
5a702802-ba49-44e6-aca2-ce2b71c7c0dc.mirbase21.mirnas.quantification.txt,Primary Tumor
f06141f1-fb18-4bc2-b556-c4c64e35436f.mirbase21.mirnas.quantification.txt,Primary Tumor
774aebfe-dbba-49c4-9343-0bf4f4933e73.mirbase21.mirnas.quantification.txt,Primary Tumor
b8a56619-9b99-4045-b747-b1e595c6f506.mirbase21.mirnas.quantification.txt,Primary Tumor
cacdfa02-4525-441f-8d63-3324b654a903.mirbase21.mirnas.quantification.txt,Primary Tumor
c379dd97-1bed-48b4-8f3d-acfb7f638a8e.mirbase21.mirnas.quantification.txt,Primary Tumor
3a8b18e4-9152-4500-b37f-8d6dda5b55a0.mirbase21.mirnas.quantification.txt,Primary Tumor
af0fb129-71e8-47c2-97c7-15b3d85ae3d1.mirbase21.mirnas.quantification.txt,Primary Tumor
889d0b57-ea56-4978-b14a-1d3b018b8757.mirbase21.mirnas.quantification.txt,Primary Tumor
dbcc2bf5-c720-4f75-8850-f3aca2865225.mirbase21.mirnas.quantification.txt,Primary Tumor
a7956d39-fd8c-4072-8620-311a2de4844c.mirbase21.mirnas.quantification.txt,Primary Tumor
eb5a0c78-143b-416e-8e01-754f53041297.mirbase21.mirnas.quantification.txt,Primary Tumor
969cd5a9-33f4-4ac5-ab13-4501abe40576.mirbase21.mirnas.quantification.txt,Primary Tumor
e39fbb6b-c44d-4a22-81f8-d688a57e2212.mirbase21.mirnas.quantification.txt,Primary Tumor
de5d906c-54e7-4822-988e-4820bca02d2b.mirbase21.mirnas.quantification.txt,Solid Tissue Normal
fd524c01-0ff9-4f64-be1c-ecf182564ea6.mirbase21.mirnas.quantification.txt,Solid Tissue Normal
6113547a-c7be-4ea5-a17d-a6baef499c58.mirbase21.mirnas.quantification.txt,Primary Tumor
6e4449db-7663-482c-9cb0-e1b927712477.mirbase21.mirnas.quantification.txt,Primary Tumor
d578e58b-a593-4b18-ad93-e5c4715495a9.mirbase21.mirnas.quantification.txt,Primary Tumor
c520163c-e7d0-4f49-bfdf-0eae09169975.mirbase21.mirnas.quantification.txt,Primary Tumor
95ecc934-1e07-4ab9-b1a7-fe306f707ccf.mirbase21.mirnas.quantification.txt,Primary Tumor
c58119b0-6b14-4d66-8a5a-fbc182ab5fe2.mirbase21.mirnas.quantification.txt,Primary Tumor
791c4662-8e8a-403e-bcf8-624a1d8d7fa9.mirbase21.mirnas.quantification.txt,Primary Tumor
67414fe8-5dfa-49e0-a3a9-a696a15be65f.mirbase21.mirnas.quantification.txt,Primary Tumor
becd04bc-9d52-411e-8dab-2edd585170b3.mirbase21.mirnas.quantification.txt,Primary Tumor
0bd26e15-fea9-4154-aa92-f0d45af44c3e.mirbase21.mirnas.quantification.txt,Solid Tissue Normal
0ef48df7-3daf-4cd3-8114-9ec2dc3342f7.mirbase21.mirnas.quantification.txt,Primary Tumor
c530a730-ab95-4b97-9cbd-dc7249e087c7.mirbase21.mirnas.quantification.txt,Primary Tumor
b66661d9-428e-4721-96b2-641c3828df11.mirbase21.mirnas.quantification.txt,Primary Tumor
c231b1ae-ca2b-44c5-8ffe-b5db40b483b6.mirbase21.mirnas.quantification.txt,Primary Tumor
c58452d9-80ff-4fd7-aeed-cde69a675cfa.mirbase21.mirnas.quantification.txt,Primary Tumor
d38cd57b-e6d1-4c3f-97c6-09e927eba28b.mirbase21.mirnas.quantification.txt,Primary Tumor
940cb016-0dd8-4ff5-9d82-dc169a2a4092.mirbase21.mirnas.quantification.txt,Primary Tumor
9ba58b57-57fa-4a5f-82a1-5731dbe9192c.mirbase21.mirnas.quantification.txt,Primary Tumor
0f4ac580-9347-4e38-a519-35ee339565a3.mirbase21.mirnas.quantification.txt,Primary Tumor
8ffc1384-0df4-4a1e-92a2-49adc3fe2b4c.mirbase21.mirnas.quantification.txt,Primary Tumor
8e2f65a0-32a3-4b2e-aac0-6e5551977c26.mirbase21.mirnas.quantification.txt,Primary Tumor
33b9e3dd-1553-408a-81b0-7552bb1e7305.mirbase21.mirnas.quantification.txt,Primary Tumor
152cf2fc-15cf-4d68-b0b0-1aa8b98cfbc6.mirbase21.mirnas.quantification.txt,Primary Tumor
2fe32bd1-797d-4614-b974-8e462d99ca2a.mirbase21.mirnas.quantification.txt,Primary Tumor
bef84807-a251-4841-b7bf-69c9de854dde.mirbase21.mirnas.quantification.txt,Primary Tumor
5331e896-ccc1-496b-9e13-14e11fe7a535.mirbase21.mirnas.quantification.txt,Primary Tumor
ecedae95-8eee-4fc9-bc46-38ae50262772.mirbase21.mirnas.quantification.txt,Primary Tumor
d82c50f0-5b73-4e16-aae4-939d595a9471.mirbase21.mirnas.quantification.txt,Solid Tissue Normal
fe83785b-3f48-4ba6-8f60-12a3944fce30.mirbase21.mirnas.quantification.txt,Solid Tissue Normal
dca76480-f316-45e4-9870-9e90676bdda4.mirbase21.mirnas.quantification.txt,Primary Tumor
255352ba-d945-4ec8-8912-d90f3bbec754.mirbase21.mirnas.quantification.txt,Primary Tumor
40ebc842-2e97-4e4f-8334-b637cc3b909f.mirbase21.mirnas.quantification.txt,Primary Tumor
fe2ae40f-a2d0-41a0-8847-f43858578df4.mirbase21.mirnas.quantification.txt,Primary Tumor
06406974-bd7a-4142-9864-14faff9ffc99.mirbase21.mirnas.quantification.txt,Primary Tumor
fd5ccaf6-e9be-4be2-99f7-606d1bbbf3de.mirbase21.mirnas.quantification.txt,Solid Tissue Normal
b4c2367c-af7b-4e74-9ff5-b617a7369b8e.mirbase21.mirnas.quantification.txt,Primary Tumor
8c9c4366-7cf1-46d1-93aa-fd8dd512908e.mirbase21.mirnas.quantification.txt,Primary Tumor
f3aed9bf-bf49-4f5e-a62f-e3c3c506b58a.mirbase21.mirnas.quantification.txt,Primary Tumor
fc8dd1ba-19d3-4b20-b8a8-a1bb421c55bd.mirbase21.mirnas.quantification.txt,Primary Tumor
5d047617-a6f0-4b46-8ba5-b530638bdc59.mirbase21.mirnas.quantification.txt,Primary Tumor
108f8346-c8d8-4183-bed5-f1ea17b9c62c.mirbase21.mirnas.quantification.txt,Primary Tumor
147ebd70-1fa9-4823-8648-3bdf7bc23554.mirbase21.mirnas.quantification.txt,Primary Tumor
25c886ce-195e-4d75-97a2-69a23839c168.mirbase21.mirnas.quantification.txt,Primary Tumor
0fcaa229-ee00-461f-ad91-bbb9791ccf62.mirbase21.mirnas.quantification.txt,Primary Tumor
d3ceccec-61a0-42cb-b86f-6c60023f894f.mirbase21.mirnas.quantification.txt,Primary Tumor
3b14241c-38d4-4120-8eac-2e1513aa893d.mirbase21.mirnas.quantification.txt,Primary Tumor
6fa9ace2-c2e7-4974-a7ce-07cb85e191e6.mirbase21.mirnas.quantification.txt,Primary Tumor
41fa9e7c-f44c-4f51-923c-50e2c29d05cb.mirbase21.mirnas.quantification.txt,Primary Tumor
14ebe9ba-ba38-43b1-8fe4-53321d8fe81d.mirbase21.mirnas.quantification.txt,Primary Tumor
f846c0ad-9bbd-46a5-a678-fc3c05cdcc41.mirbase21.mirnas.quantification.txt,Primary Tumor
584b3d24-e4b7-44e0-b005-babd0fefa9b0.mirbase21.mirnas.quantification.txt,Primary Tumor
a022d53e-dcf9-4172-8bd2-405c01bf6efd.mirbase21.mirnas.quantification.txt,Primary Tumor
89d822a3-6577-46b6-8cca-5600e88a56a3.mirbase21.mirnas.quantification.txt,Primary Tumor
8b1e6d14-7421-481c-92a0-f926e6b26bbd.mirbase21.mirnas.quantification.txt,Primary Tumor
61fcb71c-2425-4514-85f7-7f1e63c9faab.mirbase21.mirnas.quantification.txt,Primary Tumor
b818e9ee-3fe5-4bf6-a04c-d7555895b0db.mirbase21.mirnas.quantification.txt,Primary Tumor
0708b036-12b3-4980-b734-1cc62fc6db12.mirbase21.mirnas.quantification.txt,Primary Tumor
014baf8e-92f0-4f45-8c1d-cfa6be214f97.mirbase21.mirnas.quantification.txt,Primary Tumor
7cba1d14-cd88-41ed-9cb9-d2a44e53e6b8.mirbase21.mirnas.quantification.txt,Primary Tumor
c6bf30af-7a04-447c-9f5c-de709108d276.mirbase21.mirnas.quantification.txt,Primary Tumor
80a326d8-1b6c-4f5a-a061-1c9f6297d645.mirbase21.mirnas.quantification.txt,Primary Tumor
8b257703-a94c-4d47-848e-8107f11ce712.mirbase21.mirnas.quantification.txt,Primary Tumor
d0207475-fe48-4342-b526-4b08f691bcf3.mirbase21.mirnas.quantification.txt,Primary Tumor
0754cd06-5db6-4636-9ee6-20bb60a9b9ec.mirbase21.mirnas.quantification.txt,Primary Tumor
5a235809-6984-4002-8d59-11d423377f61.mirbase21.mirnas.quantification.txt,Solid Tissue Normal
2fcd3b8a-0974-4197-83ed-7ebacf556109.mirbase21.mirnas.quantification.txt,Primary Tumor
db537846-eb1b-4954-aa74-81afd11f694e.mirbase21.mirnas.quantification.txt,Solid Tissue Normal
4fc53a6e-e97e-42fb-9544-da561d30ea06.mirbase21.mirnas.quantification.txt,Primary Tumor
e7cdd668-5d3d-4fdc-9dfe-bafc14cc3676.mirbase21.mirnas.quantification.txt,Solid Tissue Normal
efffe4d8-78f7-4acf-b27c-3daed222831a.mirbase21.mirnas.quantification.txt,Solid Tissue Normal
83aff49e-eb9a-444e-8f7b-75eab336601c.mirbase21.mirnas.quantification.txt,Primary Tumor
4ae96c93-e563-40d7-a96f-a77bc4ef00eb.mirbase21.mirnas.quantification.txt,Primary Tumor
e42827a8-7b16-4245-a9c9-fe5a39ecc722.mirbase21.mirnas.quantification.txt,Primary Tumor
0421c9fa-c633-4c76-be96-b476a094dbe6.mirbase21.mirnas.quantification.txt,Solid Tissue Normal
55931ce9-539b-4b4c-9cdc-0451dfde9336.mirbase21.mirnas.quantification.txt,Primary Tumor
d10ea1f1-c38b-4be7-81ae-999fb18822b0.mirbase21.mirnas.quantification.txt,Primary Tumor
9b1314ff-6c6b-4508-b063-c99d3dfba4dc.mirbase21.mirnas.quantification.txt,Primary Tumor
c005b7df-5ff8-498f-a2ec-d89a46049517.mirbase21.mirnas.quantification.txt,Primary Tumor
1b941281-37c3-43dd-913c-6961be987464.mirbase21.mirnas.quantification.txt,Primary Tumor
468dea0c-cdbc-463c-ad83-41b2afb99c76.mirbase21.mirnas.quantification.txt,Primary Tumor
e01fdd5c-0cb2-41d4-9320-7e609f1ea91e.mirbase21.mirnas.quantification.txt,Primary Tumor
cbe60096-098d-444e-9652-48188c672bf3.mirbase21.mirnas.quantification.txt,Primary Tumor
7d556832-d37f-4bab-9309-917335f71561.mirbase21.mirnas.quantification.txt,Primary Tumor
cd381c51-7263-473e-a009-09587f0927a5.mirbase21.mirnas.quantification.txt,Primary Tumor
8f8d3b21-c8e5-424c-a445-6a226065892c.mirbase21.mirnas.quantification.txt,Primary Tumor
4cfac3e9-0ca2-4d4e-baff-33630ea65ab4.mirbase21.mirnas.quantification.txt,Primary Tumor
277ef499-3b0f-429e-a5fd-b63b59ce731f.mirbase21.mirnas.quantification.txt,Primary Tumor
2ab22315-d5d8-42e4-8930-e615ac13ae2c.mirbase21.mirnas.quantification.txt,Primary Tumor
05598e26-6d70-4c25-999c-54dd6965ae0d.mirbase21.mirnas.quantification.txt,Primary Tumor
606aea81-fa46-4216-91c5-7d2862fd4ee2.mirbase21.mirnas.quantification.txt,Primary Tumor
35a20c09-b72d-49f3-95b7-91ee3002fd8d.mirbase21.mirnas.quantification.txt,Primary Tumor
e2c68869-a014-48d6-abe1-1f5d4b1a6567.mirbase21.mirnas.quantification.txt,Primary Tumor
a3a9999c-52e6-4c7f-a39e-575d73177f10.mirbase21.mirnas.quantification.txt,Primary Tumor
5efd4620-81d3-4d9f-9741-6ec09f9a3c3b.mirbase21.mirnas.quantification.txt,Primary Tumor
4c262954-3529-49f9-a311-e5a7d71d5afa.mirbase21.mirnas.quantification.txt,Primary Tumor
7adaa246-6cbf-4be8-818a-75e3237dd669.mirbase21.mirnas.quantification.txt,Primary Tumor
f2a9189f-29f5-45fc-9daf-0af837fed6c5.mirbase21.mirnas.quantification.txt,Primary Tumor
77ae449d-5c8a-49f7-a1c7-aea75de69a5d.mirbase21.mirnas.quantification.txt,Primary Tumor
65cbd9ab-00e2-4d33-8e95-3f28fe202230.mirbase21.mirnas.quantification.txt,Solid Tissue Normal
e26072b9-bf1e-4f06-a67c-23ca563c0914.mirbase21.mirnas.quantification.txt,Primary Tumor
92da821d-45ac-4c29-b59b-98ed5ee15fc7.mirbase21.mirnas.quantification.txt,Primary Tumor
f6ebca33-9e8d-4246-a191-d588985dbbed.mirbase21.mirnas.quantification.txt,Primary Tumor
8fbd2f4a-277e-4715-93bf-f59be736681f.mirbase21.mirnas.quantification.txt,Primary Tumor
bda0acf7-f1dd-4ef0-ad3f-dd3da5cbd4f3.mirbase21.mirnas.quantification.txt,Primary Tumor
e5fedd83-b903-4356-adb1-52f6c1a37ed4.mirbase21.mirnas.quantification.txt,Primary Tumor
95bcb689-dda8-4de6-903b-3ef45fc2316b.mirbase21.mirnas.quantification.txt,Primary Tumor
7b7d84be-ef09-4af7-9c6d-845c936f8477.mirbase21.mirnas.quantification.txt,Primary Tumor
a7368056-c817-4c34-b343-b830ec2a200d.mirbase21.mirnas.quantification.txt,Primary Tumor
b6395162-a329-4c75-83f6-f747cdd7f139.mirbase21.mirnas.quantification.txt,Primary Tumor
eb03e14a-ac53-4c22-bfde-1230652861a0.mirbase21.mirnas.quantification.txt,Primary Tumor
ef1bc266-47f5-42f6-b4c7-8f40451f5d15.mirbase21.mirnas.quantification.txt,Primary Tumor
5d6655d3-c63d-44df-b928-33105a0b0033.mirbase21.mirnas.quantification.txt,Primary Tumor
483c6109-d3ad-4a58-87c9-c38bca24ede2.mirbase21.mirnas.quantification.txt,Primary Tumor
58bdd742-852d-4be8-9984-560c97920550.mirbase21.mirnas.quantification.txt,Primary Tumor
243baf00-ca39-4c60-a110-96a47c1c08a4.mirbase21.mirnas.quantification.txt,Primary Tumor
e94fbefa-3648-4985-837b-aee7f87ace55.mirbase21.mirnas.quantification.txt,Primary Tumor
20619940-a6af-4b5d-ad44-b04fbfe1099d.mirbase21.mirnas.quantification.txt,Primary Tumor
b617d9fc-0048-46ae-b703-b19200168d00.mirbase21.mirnas.quantification.txt,Primary Tumor
5a106e0a-0c33-46ba-abdd-68fb76b4567b.mirbase21.mirnas.quantification.txt,Primary Tumor
11bde15e-dd46-4f42-951b-f27e84cafb88.mirbase21.mirnas.quantification.txt,Primary Tumor
edd93086-8a98-471b-904d-9ac725a9a386.mirbase21.mirnas.quantification.txt,Primary Tumor
bce1eee9-5708-47e1-90e8-ef38ad5486a8.mirbase21.mirnas.quantification.txt,Primary Tumor
acf93050-5e7d-4db6-a47f-5b669e9e9b7a.mirbase21.mirnas.quantification.txt,Primary Tumor
e8c67a6f-d892-4597-bd3f-149fcdde44b3.mirbase21.mirnas.quantification.txt,Primary Tumor
6c49c8cc-231e-41f7-80db-d8363b53e3b2.mirbase21.mirnas.quantification.txt,Primary Tumor
520b6207-a3bf-45dd-b74b-d5ca831617b4.mirbase21.mirnas.quantification.txt,Primary Tumor
071c32c6-f5e5-4365-bb0d-e59632760bb0.mirbase21.mirnas.quantification.txt,Primary Tumor
3f034344-ff79-4a36-99ef-1514e248ed18.mirbase21.mirnas.quantification.txt,Primary Tumor
1d55d974-524f-4045-83ea-ffb073a57bdf.mirbase21.mirnas.quantification.txt,Primary Tumor
252d541e-6ee0-4cb8-b56a-fa8e996da825.mirbase21.mirnas.quantification.txt,Primary Tumor
5cdb39e1-1c39-45d4-ae2f-17d4e5ae0b07.mirbase21.mirnas.quantification.txt,Primary Tumor
57e21cc8-dedc-4f9a-86ee-15e870dbb817.mirbase21.mirnas.quantification.txt,Primary Tumor
4b694316-e8be-4dad-962f-a0f1b063ac9b.mirbase21.mirnas.quantification.txt,Primary Tumor
644cbd72-9af7-4387-830e-ba7542cdde27.mirbase21.mirnas.quantification.txt,Primary Tumor
d542fa9f-3620-452a-9667-83e3da344b09.mirbase21.mirnas.quantification.txt,Primary Tumor
945f73ed-204e-4852-9316-afa4dd635114.mirbase21.mirnas.quantification.txt,Primary Tumor
331cccd2-f121-4ba8-80b9-b53f369b8add.mirbase21.mirnas.quantification.txt,Primary Tumor
6330c24f-6984-44d4-84ff-5e4c34c806bc.mirbase21.mirnas.quantification.txt,Primary Tumor
e322e50c-9a9a-4155-b274-c8fc2b552b89.mirbase21.mirnas.quantification.txt,Primary Tumor
5772ead7-f94b-4ba1-b568-0f1fcd150ce3.mirbase21.mirnas.quantification.txt,Primary Tumor
846ee729-523b-4065-83b8-8fedec045733.mirbase21.mirnas.quantification.txt,Primary Tumor
609e5c35-a395-4d99-92e9-117f917e0f3c.mirbase21.mirnas.quantification.txt,Primary Tumor
28ea1af9-6de6-49a4-8187-5395955322af.mirbase21.mirnas.quantification.txt,Primary Tumor
7c28a756-8d41-4077-9c6c-dfabe24078ed.mirbase21.mirnas.quantification.txt,Primary Tumor
7b6b8240-5620-45b0-bdf9-3e187cc240f4.mirbase21.mirnas.quantification.txt,Primary Tumor
fdfefe69-47d8-4d05-9bbc-7a066c02a802.mirbase21.mirnas.quantification.txt,Primary Tumor
393d255c-e5cb-4a71-9cac-52d6be81e7a9.mirbase21.mirnas.quantification.txt,Primary Tumor
7b79bd3a-561a-4aa6-9622-30ab20f63c61.mirbase21.mirnas.quantification.txt,Primary Tumor
0a449e4e-667b-446d-b4f7-6ba719024c6f.mirbase21.mirnas.quantification.txt,Primary Tumor
ea37ddc7-e54b-4f05-b60b-489d7252ab09.mirbase21.mirnas.quantification.txt,Primary Tumor
907bae18-6d0c-4342-9aaa-41009cdb3d62.mirbase21.mirnas.quantification.txt,Primary Tumor
7b280634-96e6-4ad2-b636-ef9984e9d4c6.mirbase21.mirnas.quantification.txt,Primary Tumor
139c0f7b-8b5b-4717-a24e-4b7e9b1ef711.mirbase21.mirnas.quantification.txt,Primary Tumor
bf03daa3-35a2-4eb7-94e5-e8f4bd1f071f.mirbase21.mirnas.quantification.txt,Primary Tumor
342bbbcb-5c42-4c9b-a779-f5925004a889.mirbase21.mirnas.quantification.txt,Primary Tumor
ced57638-13c8-41f9-82eb-b332db7aca02.mirbase21.mirnas.quantification.txt,Primary Tumor
182bade8-48cd-4072-8f65-9b248700ff36.mirbase21.mirnas.quantification.txt,Primary Tumor
a98792e8-6f92-4d23-9ff5-40bf4b684cb2.mirbase21.mirnas.quantification.txt,Primary Tumor
40218a0e-c283-41ed-9abd-5f8cc8a844d5.mirbase21.mirnas.quantification.txt,Primary Tumor
44022d72-6b45-4ad5-85c5-927df181405d.mirbase21.mirnas.quantification.txt,Primary Tumor
c5d4be4c-7b13-4c1c-9a2a-a8ee565da468.mirbase21.mirnas.quantification.txt,Primary Tumor
ffd5af39-59ff-4c10-b45f-123847eb0103.mirbase21.mirnas.quantification.txt,Primary Tumor
f07ee060-4646-44b8-8271-b5a9bfc8876c.mirbase21.mirnas.quantification.txt,Primary Tumor
1c0030bf-0fd7-46b6-8fc7-6e44267a4f5c.mirbase21.mirnas.quantification.txt,Primary Tumor
c5d93ed9-80d9-450a-9178-0fe28c59a633.mirbase21.mirnas.quantification.txt,Primary Tumor
d276a6f0-f010-44a0-856f-cd45d8071534.mirbase21.mirnas.quantification.txt,Primary Tumor
bce8e1de-d465-448e-b7ad-88f3c383d94f.mirbase21.mirnas.quantification.txt,Primary Tumor
53304b1f-3547-4acf-918c-12dbdbf501c3.mirbase21.mirnas.quantification.txt,Primary Tumor
9b82465b-2375-4ff8-83b1-983a9755e440.mirbase21.mirnas.quantification.txt,Primary Tumor
3b8a0b76-c7f2-449e-bac9-40cda2869c6f.mirbase21.mirnas.quantification.txt,Primary Tumor
4976f331-0ebe-4548-804a-bd34dc47ce00.mirbase21.mirnas.quantification.txt,Primary Tumor
65664351-3728-4e93-bb74-f9c317d566f9.mirbase21.mirnas.quantification.txt,Primary Tumor
9fcbac31-7474-4a69-9939-f2b083d7c29c.mirbase21.mirnas.quantification.txt,Solid Tissue Normal
dcade5fa-cc2d-4251-984b-c426607a0598.mirbase21.mirnas.quantification.txt,Primary Tumor
9d519849-99e4-4f9b-8771-6327fe24654f.mirbase21.mirnas.quantification.txt,Primary Tumor
8c3987e3-50cc-48e1-bb5f-5e6ee53a96e6.mirbase21.mirnas.quantification.txt,Primary Tumor
f01c1156-3363-43e1-9394-b1f88deba0d5.mirbase21.mirnas.quantification.txt,Primary Tumor
c607cdfa-3da8-47e7-a00a-1ce774d6ec90.mirbase21.mirnas.quantification.txt,Primary Tumor
9fea0d64-818c-441a-92c0-0cbfb1c3b00f.mirbase21.mirnas.quantification.txt,Primary Tumor
eeb0663a-fdb3-4b92-9c9a-5ef2cacba6b3.mirbase21.mirnas.quantification.txt,Primary Tumor
37471af4-1248-4dd2-bb13-ebbdcb61c3e3.mirbase21.mirnas.quantification.txt,Primary Tumor
f162baf3-d93d-4c01-88d3-c298e95395c4.mirbase21.mirnas.quantification.txt,Primary Tumor
9ebe7c9b-fce1-4e46-8c87-60155d3df2b5.mirbase21.mirnas.quantification.txt,Primary Tumor
5db2013d-1cde-4075-af0a-d08b02a7cd6d.mirbase21.mirnas.quantification.txt,Primary Tumor
cddbfd6d-5362-4c75-a0db-022c4e0137c0.mirbase21.mirnas.quantification.txt,Primary Tumor
228e6710-39f0-4772-bbf7-8c515fde3737.mirbase21.mirnas.quantification.txt,Primary Tumor
ca4ba8e9-dac8-468b-998c-f4ec259c472d.mirbase21.mirnas.quantification.txt,Primary Tumor
2b0ee2b8-69d2-4681-ba29-b0d4cc05d81c.mirbase21.mirnas.quantification.txt,Primary Tumor
943862c7-891b-4a39-ba41-b3966e4dd237.mirbase21.mirnas.quantification.txt,Primary Tumor
39a2bc42-db4a-480c-bec7-24b5430330f9.mirbase21.mirnas.quantification.txt,Primary Tumor
4f3dbf34-7147-4ae2-a874-f6755480a72a.mirbase21.mirnas.quantification.txt,Primary Tumor
827ff7db-cd52-431b-98b9-54c39edc9bf6.mirbase21.mirnas.quantification.txt,Primary Tumor
def1c293-5928-4815-8474-ca4f25d0a678.mirbase21.mirnas.quantification.txt,Primary Tumor
b9d43102-2c1e-4cb8-a3a8-a8f039893635.mirbase21.mirnas.quantification.txt,Primary Tumor
52024634-c4aa-46c0-8e81-640f81b6b28e.mirbase21.mirnas.quantification.txt,Primary Tumor
a9b0cde1-d949-4dfa-80c7-a294cee61a2e.mirbase21.mirnas.quantification.txt,Primary Tumor
bfde45ed-90b9-4c38-bc38-d37291f983d2.mirbase21.mirnas.quantification.txt,Primary Tumor
f91f59e9-2618-4fcf-9832-ed6470beb7f3.mirbase21.mirnas.quantification.txt,Primary Tumor
9470299b-61e0-48d9-ad8d-28404cd6bfa1.mirbase21.mirnas.quantification.txt,Primary Tumor
49451ce4-70cd-49ec-a537-62295a15a496.mirbase21.mirnas.quantification.txt,Primary Tumor
cc383d81-8a72-4071-b69b-9822403ae3d5.mirbase21.mirnas.quantification.txt,Primary Tumor
2640f887-4d0f-4fac-a07e-f2bd10130cb7.mirbase21.mirnas.quantification.txt,Primary Tumor
01570544-ec92-45ed-b59a-5acea638eda7.mirbase21.mirnas.quantification.txt,Primary Tumor
4c99f8f4-3124-4053-9f16-3d35477d26b5.mirbase21.mirnas.quantification.txt,Primary Tumor
508ba40f-1ef5-49ac-9dcf-6c32680a3338.mirbase21.mirnas.quantification.txt,Primary Tumor
5e58b991-e07d-4224-832b-0c43bd9d4813.mirbase21.mirnas.quantification.txt,Primary Tumor
c31d5759-bc16-4bbd-ad1d-5b4758d93158.mirbase21.mirnas.quantification.txt,Primary Tumor
c2767263-4c29-45b0-84b4-1e351b52486b.mirbase21.mirnas.quantification.txt,Solid Tissue Normal
f931a1ed-a578-44bf-8a46-ea48ec7b256a.mirbase21.mirnas.quantification.txt,Primary Tumor
ad2efe98-8719-45a1-8f14-3fd15c03af21.mirbase21.mirnas.quantification.txt,Primary Tumor
e24e8135-4569-4b08-97d1-7f3d67a6f6e2.mirbase21.mirnas.quantification.txt,Primary Tumor
4a17c885-3f91-4382-ae18-25f2d6db23bb.mirbase21.mirnas.quantification.txt,Primary Tumor
58ef0cdd-1b05-4117-9604-43c263ea553d.mirbase21.mirnas.quantification.txt,Primary Tumor
af8d73b6-d9a6-443c-b57d-025507e8a8e3.mirbase21.mirnas.quantification.txt,Primary Tumor
94542316-ec50-4530-b539-125b7a38670b.mirbase21.mirnas.quantification.txt,Primary Tumor
aca6f2fe-93bf-4e13-b634-4fa3390fd13c.mirbase21.mirnas.quantification.txt,Primary Tumor
e373ee8d-e711-483d-a142-8a4b179c1527.mirbase21.mirnas.quantification.txt,Primary Tumor
b15d16b8-875f-4823-9072-8523c501a78a.mirbase21.mirnas.quantification.txt,Primary Tumor
24ad66d9-8c55-424f-a62e-05ce0e745116.mirbase21.mirnas.quantification.txt,Primary Tumor
617d5705-c14d-4136-84c4-b602ee48c896.mirbase21.mirnas.quantification.txt,Primary Tumor
b7a53859-d144-4242-b6d6-0e64f7c594ca.mirbase21.mirnas.quantification.txt,Primary Tumor
c9b9ed6a-ff3e-4f10-bd30-2b746dc43404.mirbase21.mirnas.quantification.txt,Primary Tumor
cd30efce-c476-4535-888e-8a416eca9501.mirbase21.mirnas.quantification.txt,Primary Tumor
2a477d9c-7ebb-492d-8f1d-be599b6e1300.mirbase21.mirnas.quantification.txt,Primary Tumor
3163c420-eccd-4bf2-9bb6-170f3549556c.mirbase21.mirnas.quantification.txt,Primary Tumor
6ded3641-7be7-4402-82de-a0a91d31f6f2.mirbase21.mirnas.quantification.txt,Primary Tumor
0f418ded-a808-4c74-b4c2-a831591e0e35.mirbase21.mirnas.quantification.txt,Primary Tumor
0d9fd6cd-7cf3-4cf8-a855-8ed41347b949.mirbase21.mirnas.quantification.txt,Primary Tumor
4143f94b-0830-4d72-bbd2-c331f1829ebe.mirbase21.mirnas.quantification.txt,Primary Tumor
c4522fee-64e6-41c1-9079-98bb14c7ebbb.mirbase21.mirnas.quantification.txt,Primary Tumor
5db685e8-571e-4595-9527-b3a86bed9963.mirbase21.mirnas.quantification.txt,Primary Tumor
5c886551-f025-4c28-8aa9-8a786f504515.mirbase21.mirnas.quantification.txt,Primary Tumor
bdbef11e-3900-4bb9-b23e-d90303c82418.mirbase21.mirnas.quantification.txt,Primary Tumor
ec17c3d7-4407-437c-ba66-3a94ec8d9737.mirbase21.mirnas.quantification.txt,Primary Tumor
004b1938-87ab-4bf2-a19b-d2953d0e81a0.mirbase21.mirnas.quantification.txt,Primary Tumor
22ad5a82-87a4-4afb-9103-87c8a9528ec0.mirbase21.mirnas.quantification.txt,Primary Tumor
8585afe0-a21f-4093-bd82-269cc8e5698f.mirbase21.mirnas.quantification.txt,Primary Tumor
705f76ea-71fa-48b2-876f-edb1db02a14b.mirbase21.mirnas.quantification.txt,Primary Tumor
ae4877c3-2ab0-424b-b32f-42ea18a48b51.mirbase21.mirnas.quantification.txt,Primary Tumor
053491a2-e50a-49a4-905c-ce3a657e2d3a.mirbase21.mirnas.quantification.txt,Primary Tumor
fcf1f8b5-c70d-4bbc-8045-5e5826fa90b7.mirbase21.mirnas.quantification.txt,Primary Tumor
0c46c3f9-806a-48b8-888d-172ce4b4e051.mirbase21.mirnas.quantification.txt,Primary Tumor
0b9ec0ab-16db-4d45-bb15-0e37f6b666a1.mirbase21.mirnas.quantification.txt,Primary Tumor
82d6e956-0c30-4767-bc37-27672e58d690.mirbase21.mirnas.quantification.txt,Primary Tumor
62267940-4078-4506-a649-a8462c4dfee3.mirbase21.mirnas.quantification.txt,Primary Tumor
f19898dc-e87a-4cf0-9a2d-683008ae54d2.mirbase21.mirnas.quantification.txt,Primary Tumor
0d88170a-ea7f-4c66-9ee6-47f930ef53f6.mirbase21.mirnas.quantification.txt,Primary Tumor
cda8d0f6-6325-4333-98d3-2edc188de249.mirbase21.mirnas.quantification.txt,Primary Tumor
39dab348-19b4-40df-bb1d-081d251f6e3e.mirbase21.mirnas.quantification.txt,Solid Tissue Normal
9fd5a379-821a-48c9-bbb2-1d60e8031577.mirbase21.mirnas.quantification.txt,Primary Tumor
0d0cb174-ebde-4b75-b2fb-48a1b47f3c96.mirbase21.mirnas.quantification.txt,Primary Tumor
636c9329-44fb-4dd4-b0d6-2bf0bc9531de.mirbase21.mirnas.quantification.txt,Primary Tumor
e7b7bf36-aa58-4dc0-8548-a28c11d5060f.mirbase21.mirnas.quantification.txt,Primary Tumor
fd9e29cc-01e2-40c1-a0ca-e2bea88cc54b.mirbase21.mirnas.quantification.txt,Primary Tumor
b63457cd-6aa6-43f9-9bec-be3037c0ceb5.mirbase21.mirnas.quantification.txt,Primary Tumor
97a8ecaf-5ef9-4da0-9ba0-fed6fd2fc2e2.mirbase21.mirnas.quantification.txt,Primary Tumor
93430c10-3c95-4e41-9291-e0678fc8738c.mirbase21.mirnas.quantification.txt,Primary Tumor
23a0423a-32d4-41d4-bc14-f47465d738ac.mirbase21.mirnas.quantification.txt,Primary Tumor
607d65e3-93d3-46f0-8628-4cad5e953211.mirbase21.mirnas.quantification.txt,Primary Tumor
3a3da6a2-f6ae-48e5-a344-a32c31f36e23.mirbase21.mirnas.quantification.txt,Primary Tumor
c4008c93-34ec-4e25-82e7-dcd6d33578f6.mirbase21.mirnas.quantification.txt,Primary Tumor
f46e1aef-c572-4651-964d-a0a9bc7a1128.mirbase21.mirnas.quantification.txt,Primary Tumor
7af20b1b-f239-4ebe-84b4-61f9c0abb402.mirbase21.mirnas.quantification.txt,Primary Tumor
e59935eb-ad2e-4644-99a3-d9508d02489c.mirbase21.mirnas.quantification.txt,Primary Tumor
f7c21de1-0018-4352-9f42-e883f2ef4009.mirbase21.mirnas.quantification.txt,Primary Tumor
8372d98e-c3c2-42db-82de-b53cfb123311.mirbase21.mirnas.quantification.txt,Primary Tumor
1a41dd5b-27b3-4032-8d76-93dc053b5940.mirbase21.mirnas.quantification.txt,Primary Tumor
9310b2a3-d0eb-4139-baab-b4ed7bd0c61b.mirbase21.mirnas.quantification.txt,Primary Tumor
1c78aa0a-767f-4a3e-bed0-c4a905c818a5.mirbase21.mirnas.quantification.txt,Primary Tumor
ca7d470c-8ce2-48fa-86c8-03d39a3f12d0.mirbase21.mirnas.quantification.txt,Primary Tumor
6b26859a-48f3-4092-9824-5f0695ccc923.mirbase21.mirnas.quantification.txt,Primary Tumor
34986f2c-d62b-4941-b635-a821ce898332.mirbase21.mirnas.quantification.txt,Primary Tumor
6b9a555a-ed46-43a8-9c63-5ce206075ede.mirbase21.mirnas.quantification.txt,Primary Tumor
f1861e6c-c8d5-4450-99f3-f8523aea1a8f.mirbase21.mirnas.quantification.txt,Primary Tumor
d14c3e6d-e5a1-4386-a992-e351e53347fb.mirbase21.mirnas.quantification.txt,Primary Tumor
8e5aedd4-ffe9-4457-9d83-ae15fd416947.mirbase21.mirnas.quantification.txt,Primary Tumor
bc52125f-5ac8-41f9-85c9-5cd486043692.mirbase21.mirnas.quantification.txt,Primary Tumor
461be675-df9e-47ce-8b22-220edcbee14a.mirbase21.mirnas.quantification.txt,Solid Tissue Normal
b55404c3-f83c-4d31-9871-21f3be73c1e7.mirbase21.mirnas.quantification.txt,Primary Tumor
c3541530-dfa9-4f30-bbcc-6929e387d4ba.mirbase21.mirnas.quantification.txt,Primary Tumor
b7922079-af81-4402-a778-eca797ccc930.mirbase21.mirnas.quantification.txt,Primary Tumor
bf3f3e1b-6b11-402e-8102-3aaa068810f7.mirbase21.mirnas.quantification.txt,Primary Tumor
825905d3-c2e6-4cff-872c-ae9fcb789173.mirbase21.mirnas.quantification.txt,Primary Tumor
f4e000ed-f688-4bf1-8c80-eb30a9636cd2.mirbase21.mirnas.quantification.txt,Primary Tumor
97fb1d84-7fa0-4fa9-b5ed-c370cb774c6f.mirbase21.mirnas.quantification.txt,Primary Tumor
68b4a573-7a51-46d6-8c43-8ef46826b7d4.mirbase21.mirnas.quantification.txt,Primary Tumor
ee4d36bc-8e13-41cd-9ab0-d7d8be7f885e.mirbase21.mirnas.quantification.txt,Primary Tumor
86326aef-e1f6-4bd0-a86b-4595e73dc9d3.mirbase21.mirnas.quantification.txt,Primary Tumor
a5c6d192-6fb0-40fd-b94a-1dfadedc88b0.mirbase21.mirnas.quantification.txt,Primary Tumor
4c8d6813-7e2a-4331-aed5-bc9b854e1d2f.mirbase21.mirnas.quantification.txt,Primary Tumor
a6725f93-d1ec-4c76-8141-f23dff11909f.mirbase21.mirnas.quantification.txt,Primary Tumor
804aa93c-26f7-489b-bf2c-e84263b5e6f6.mirbase21.mirnas.quantification.txt,Solid Tissue Normal
19817650-f66f-4eb9-8d97-016448863b56.mirbase21.mirnas.quantification.txt,Primary Tumor
4db0f24e-8a4a-4249-8df8-97ca2b41770b.mirbase21.mirnas.quantification.txt,Solid Tissue Normal
81a47ae1-b3ff-4908-af9e-c500fb1f8ecb.mirbase21.mirnas.quantification.txt,Primary Tumor
b7df82b9-01ab-4282-aa92-a13d5e1e11b1.mirbase21.mirnas.quantification.txt,Primary Tumor
fe57f131-a75b-4972-a8e4-e00ecab4c414.mirbase21.mirnas.quantification.txt,Primary Tumor
921bd908-7203-4250-bb94-7509e543cdb8.mirbase21.mirnas.quantification.txt,Solid Tissue Normal
7d8a494c-492b-4ab7-b669-81ed8866806c.mirbase21.mirnas.quantification.txt,Primary Tumor
f5a2f708-7821-47b6-95b8-66e804489335.mirbase21.mirnas.quantification.txt,Primary Tumor
d1371288-4cf3-4d3a-9442-fd9966d32e81.mirbase21.mirnas.quantification.txt,Primary Tumor
9d107405-9901-41ac-b047-90bf2dae7b50.mirbase21.mirnas.quantification.txt,Primary Tumor
6bd02673-dd3f-42ed-9997-e371b09f22ee.mirbase21.mirnas.quantification.txt,Primary Tumor
61b28f0b-7554-40fe-a8c2-ec14bc7f0651.mirbase21.mirnas.quantification.txt,Solid Tissue Normal
d5ba7329-97b2-4ff0-a852-f4399a900934.mirbase21.mirnas.quantification.txt,Primary Tumor
6b6e80ce-d104-477a-91be-d69717c8c8ce.mirbase21.mirnas.quantification.txt,Primary Tumor
d51a49e3-be6a-4bf3-b06c-e5553a1b9756.mirbase21.mirnas.quantification.txt,Primary Tumor
6ff4f8f8-4995-4098-b798-a9f224639999.mirbase21.mirnas.quantification.txt,Primary Tumor
bd3e4fb1-ba89-460d-a3da-f945c0042d61.mirbase21.mirnas.quantification.txt,Primary Tumor
5b415428-f61f-4a40-8a97-a94eb5256fe9.mirbase21.mirnas.quantification.txt,Primary Tumor
d042b37f-1ba7-41e8-af11-9232df313018.mirbase21.mirnas.quantification.txt,Primary Tumor
33cd75d7-57c9-427a-bbee-4e009f29f318.mirbase21.mirnas.quantification.txt,Primary Tumor
d14aed54-631b-404d-9630-4a36d40d31fc.mirbase21.mirnas.quantification.txt,Primary Tumor
a5718c8b-0774-48c9-bec2-433de71bd7da.mirbase21.mirnas.quantification.txt,Primary Tumor
8e317da5-4672-4ce6-9890-8f74e85f0d24.mirbase21.mirnas.quantification.txt,Solid Tissue Normal
e9aa11d6-3a5c-45cc-b71d-f01b18587e2f.mirbase21.mirnas.quantification.txt,Primary Tumor
f090eb94-1318-46ef-b01a-23bb11eb3844.mirbase21.mirnas.quantification.txt,Solid Tissue Normal
2d252a15-4faa-493c-b9d2-4eaa9025e21c.mirbase21.mirnas.quantification.txt,Primary Tumor
c39aba4b-1836-42a3-9878-a50a666a0a54.mirbase21.mirnas.quantification.txt,Primary Tumor
b4a647b8-2900-49ac-b331-e542d890207b.mirbase21.mirnas.quantification.txt,Primary Tumor
7e599924-fcca-4de9-bd69-446636ceacf3.mirbase21.mirnas.quantification.txt,Primary Tumor
0cf6e812-a0dc-411b-96b2-92ad36bb00d9.mirbase21.mirnas.quantification.txt,Primary Tumor
31ce1d57-ce67-4c6f-bd4c-0fbcbf9cdbe5.mirbase21.mirnas.quantification.txt,Primary Tumor
b24011b0-a62f-4c6e-b4e7-273289c796cf.mirbase21.mirnas.quantification.txt,Primary Tumor
2dadfce0-12ff-450d-b48d-24901a1f392b.mirbase21.mirnas.quantification.txt,Primary Tumor
7a8c1621-8a36-4b85-affe-966d83cbce64.mirbase21.mirnas.quantification.txt,Primary Tumor
21ca3e4b-6acc-47cf-958c-20015ba5b039.mirbase21.mirnas.quantification.txt,Primary Tumor
2d937f70-5fc4-4481-9d91-7a137bf551ce.mirbase21.mirnas.quantification.txt,Solid Tissue Normal
56765ee7-2878-4b41-b497-89c454dbae6b.mirbase21.mirnas.quantification.txt,Primary Tumor
919c05b9-7b6e-4a0e-9cbb-e25ef27984c7.mirbase21.mirnas.quantification.txt,Primary Tumor
e13a1beb-e1d2-4f0d-a24d-018e131e3c93.mirbase21.mirnas.quantification.txt,Primary Tumor
4427d8b6-37ae-4622-a797-5a294a63e756.mirbase21.mirnas.quantification.txt,Primary Tumor
15ac87f5-7cfb-4111-85d6-5c54020213b2.mirbase21.mirnas.quantification.txt,Primary Tumor
e18d221e-454d-45a3-a0ea-1a6a23e5b625.mirbase21.mirnas.quantification.txt,Primary Tumor
48bc2157-ebc5-4568-a8d4-63496c338715.mirbase21.mirnas.quantification.txt,Primary Tumor
570c1d15-5cd3-404c-afdd-b98bd92735f7.mirbase21.mirnas.quantification.txt,Solid Tissue Normal
ea9993da-764f-47d9-b8ad-140394c23bcc.mirbase21.mirnas.quantification.txt,Primary Tumor
640f2035-1d24-4f16-bd8d-0017fad45fa6.mirbase21.mirnas.quantification.txt,Primary Tumor
9445b723-d386-4ab1-bc79-1f456d99cdb8.mirbase21.mirnas.quantification.txt,Primary Tumor
596393d4-4cbf-4f0b-a3a5-9188c6338be7.mirbase21.mirnas.quantification.txt,Primary Tumor
7ea40f19-fae6-4bde-ae1b-6f13ffbd200b.mirbase21.mirnas.quantification.txt,Primary Tumor
79d8e4e0-49d1-49ee-92e5-45917a010db3.mirbase21.mirnas.quantification.txt,Primary Tumor
5bfab9e3-8ca3-4d98-be06-d6110aa8bb4c.mirbase21.mirnas.quantification.txt,Primary Tumor
f58e2a07-8aa8-4bc4-9fb5-7769ca79a2af.mirbase21.mirnas.quantification.txt,Primary Tumor
61f63c03-128c-4c1d-a808-c9f41e521a1d.mirbase21.mirnas.quantification.txt,Primary Tumor
a0000369-4b42-4ac9-a92f-07ba03ed2826.mirbase21.mirnas.quantification.txt,Primary Tumor
5911ac17-dbe0-4759-9a75-0c9fa72dfbd8.mirbase21.mirnas.quantification.txt,Primary Tumor
467870a9-ba5d-4011-b31b-f93c1f5f46dc.mirbase21.mirnas.quantification.txt,Primary Tumor
84fad10f-82a3-41a0-bbc8-8be2a4962880.mirbase21.mirnas.quantification.txt,Solid Tissue Normal
105ef8b1-84ae-470a-a7d0-82a924438b93.mirbase21.mirnas.quantification.txt,Primary Tumor
d9dc0777-5db7-4afa-bcfc-e047558e529b.mirbase21.mirnas.quantification.txt,Primary Tumor
7fe85577-b739-4772-bdf2-fc8280d7905a.mirbase21.mirnas.quantification.txt,Metastatic
9e1239aa-8757-4a78-abb6-ccf7ee38ef91.mirbase21.mirnas.quantification.txt,Primary Tumor
88e3a8d2-a1e1-4685-9b60-c5d1e6b2e751.mirbase21.mirnas.quantification.txt,Primary Tumor
9c6abe98-bc71-4ba3-8fe0-cb7894f2ca3b.mirbase21.mirnas.quantification.txt,Primary Tumor
01d9dfa7-e2e8-48d3-810a-bbf3a371528c.mirbase21.mirnas.quantification.txt,Primary Tumor
f3b3aa58-337e-49ae-a8b5-95d19dc4e61b.mirbase21.mirnas.quantification.txt,Primary Tumor
bf47517b-4c28-49af-af9b-eef62db05767.mirbase21.mirnas.quantification.txt,Primary Tumor
96a6ae98-0eb2-45aa-b7ce-b948012705d0.mirbase21.mirnas.quantification.txt,Primary Tumor
940f380b-9a47-4e46-b1cb-3c60882d3765.mirbase21.mirnas.quantification.txt,Primary Tumor
ba772bb3-d571-4129-b599-1e7c82403867.mirbase21.mirnas.quantification.txt,Primary Tumor
80916440-eed8-47fd-a9d8-5ad3a943e7ca.mirbase21.mirnas.quantification.txt,Primary Tumor
a674e39d-d541-4f8d-a9e7-7026d2edf687.mirbase21.mirnas.quantification.txt,Primary Tumor
733ed3fd-87da-45ba-b95d-d539c784c702.mirbase21.mirnas.quantification.txt,Primary Tumor
8b3fb847-abd9-4521-834a-1198ff36c59e.mirbase21.mirnas.quantification.txt,Primary Tumor
604e05f9-bfcc-49e1-8d4d-21b046d59666.mirbase21.mirnas.quantification.txt,Primary Tumor
7171d5a1-2408-497a-a12b-067d2e3632d2.mirbase21.mirnas.quantification.txt,Primary Tumor
e7a00fda-0d05-468f-b6a0-18653e961da7.mirbase21.mirnas.quantification.txt,Primary Tumor
4243ff48-73ed-4555-8f48-15eead7846d8.mirbase21.mirnas.quantification.txt,Primary Tumor
c57795a9-4882-4f61-b903-7343166e071a.mirbase21.mirnas.quantification.txt,Primary Tumor
96fa52af-a23f-4561-88a2-72b4b1e031cc.mirbase21.mirnas.quantification.txt,Primary Tumor
14496356-5c79-492a-bfa8-68637d1c6bc5.mirbase21.mirnas.quantification.txt,Primary Tumor
f4a97737-76b9-4b64-adb4-c3af80c9b09a.mirbase21.mirnas.quantification.txt,Primary Tumor
3ee13f70-4393-4291-9562-b5b8a7aca80b.mirbase21.mirnas.quantification.txt,Primary Tumor
394d3409-2498-4498-a45b-b36ca401eb17.mirbase21.mirnas.quantification.txt,Primary Tumor
0ba140b1-a028-46ee-8d80-ec4795274fe8.mirbase21.mirnas.quantification.txt,Primary Tumor
c4cea915-ca34-4dfc-a7f1-372ec285901f.mirbase21.mirnas.quantification.txt,Primary Tumor
cbeb48f8-eb79-4db3-b077-ba394031edee.mirbase21.mirnas.quantification.txt,Primary Tumor
00574710-29e7-4df3-a26d-7cdfd19aef31.mirbase21.mirnas.quantification.txt,Primary Tumor
0206f9ba-7445-490f-8afb-2fc66fda8c56.mirbase21.mirnas.quantification.txt,Solid Tissue Normal
ec83ce8d-52e0-4dce-99c8-76010ac44cdd.mirbase21.mirnas.quantification.txt,Primary Tumor
2cf3bbe6-5e34-446e-b2a0-420e9b7a793e.mirbase21.mirnas.quantification.txt,Primary Tumor
437ae017-0df8-465f-8780-e28d8c4d8e32.mirbase21.mirnas.quantification.txt,Primary Tumor
4dabe64a-7fb8-4009-a696-d4eee0cead8b.mirbase21.mirnas.quantification.txt,Primary Tumor
ea72660d-3210-4ea4-b6f8-1cef11a826e6.mirbase21.mirnas.quantification.txt,Primary Tumor
98b555c2-284f-49b1-adb0-efe80f56d97c.mirbase21.mirnas.quantification.txt,Primary Tumor
636e09a5-2922-48b9-8aab-875fbba5628d.mirbase21.mirnas.quantification.txt,Primary Tumor
4d2a183e-316b-43c3-b380-e1fcfe1577d1.mirbase21.mirnas.quantification.txt,Primary Tumor
c0ecf541-285b-4344-b93b-0c7893d5fdcf.mirbase21.mirnas.quantification.txt,Solid Tissue Normal
ce61ed0f-bbb8-42d0-8533-aaed6a6efddf.mirbase21.mirnas.quantification.txt,Primary Tumor
ab5523ce-da76-4318-b7f8-0a54345f8c29.mirbase21.mirnas.quantification.txt,Solid Tissue Normal
ee2501e6-36a2-4414-a9af-bf618f36bcb7.mirbase21.mirnas.quantification.txt,Primary Tumor
e496cc70-7510-41d9-9f9b-d054ff7332dc.mirbase21.mirnas.quantification.txt,Primary Tumor
405f31d8-bc1c-42b4-8fb4-ca65e668c67a.mirbase21.mirnas.quantification.txt,Primary Tumor
b2279a60-8da0-4184-924a-ed810d00a751.mirbase21.mirnas.quantification.txt,Primary Tumor
16419b76-ca89-4e32-a046-4ece3d6edd24.mirbase21.mirnas.quantification.txt,Primary Tumor
d553c73e-1339-4530-bdd2-57125e7a1d54.mirbase21.mirnas.quantification.txt,Primary Tumor
bcb325b2-78c4-4f93-8e17-0fa6d1144df3.mirbase21.mirnas.quantification.txt,Primary Tumor
999cfdd3-ebd0-43e5-b13f-3e9d2feb7522.mirbase21.mirnas.quantification.txt,Primary Tumor
71c58864-41b4-4859-b928-b5db754f2f14.mirbase21.mirnas.quantification.txt,Primary Tumor
f52852ac-43ed-477a-9967-96ac703638c5.mirbase21.mirnas.quantification.txt,Solid Tissue Normal
fb56f4c4-14fd-4013-8d39-023155a73d36.mirbase21.mirnas.quantification.txt,Primary Tumor
7b8b48de-1272-44cf-a753-422fa917a4e4.mirbase21.mirnas.quantification.txt,Primary Tumor
a676f98c-182c-4373-b71c-f2b5c15b747d.mirbase21.mirnas.quantification.txt,Primary Tumor
59efbefa-e209-4c22-89e8-9b09c22fade1.mirbase21.mirnas.quantification.txt,Solid Tissue Normal
9af180ac-0109-4c2c-a2ab-7fc12c73ac16.mirbase21.mirnas.quantification.txt,Primary Tumor
fa4ee535-3a98-4a4f-8f47-cfd5300de095.mirbase21.mirnas.quantification.txt,Primary Tumor
18ed9c00-b031-4f59-bb32-874da11ef509.mirbase21.mirnas.quantification.txt,Primary Tumor
6c22c3e5-a00a-4ae4-a1a7-096efa3c290a.mirbase21.mirnas.quantification.txt,Primary Tumor
50879004-d3d4-4345-aab1-24a9ef0ac405.mirbase21.mirnas.quantification.txt,Primary Tumor
589dd6e4-a03e-44bf-bc11-451602e4d22e.mirbase21.mirnas.quantification.txt,Primary Tumor
7653178d-ba0b-4ded-8ecf-0ee0282640ff.mirbase21.mirnas.quantification.txt,Primary Tumor
36fbbc31-27f4-46da-aaf3-5acde446e648.mirbase21.mirnas.quantification.txt,Primary Tumor
c923695e-6fef-4f54-8a05-f2e99e99d121.mirbase21.mirnas.quantification.txt,Primary Tumor
edc84414-da70-4ee9-8675-6c7422669092.mirbase21.mirnas.quantification.txt,Primary Tumor
175a1d9c-ba95-450d-a01a-185c27ab287b.mirbase21.mirnas.quantification.txt,Primary Tumor
11e64dba-16d5-4a05-ae1c-de5f2cd73b96.mirbase21.mirnas.quantification.txt,Primary Tumor
20506607-d21c-46a9-9675-c089a8e523fb.mirbase21.mirnas.quantification.txt,Primary Tumor
513a912d-ce2b-45b6-9880-f1d17dfc2d66.mirbase21.mirnas.quantification.txt,Primary Tumor
7f6c8c3c-69da-42f7-87f0-4914ee24ecdc.mirbase21.mirnas.quantification.txt,Solid Tissue Normal
e26986e3-ca2b-4514-afe4-11f54ad8dc64.mirbase21.mirnas.quantification.txt,Primary Tumor
e24d455d-fc27-43c3-9219-6b1c1fbf0666.mirbase21.mirnas.quantification.txt,Solid Tissue Normal
bbc97d5f-6c7c-4803-af03-e67f637788e9.mirbase21.mirnas.quantification.txt,Primary Tumor
c53c81db-0bad-4e9a-b320-75c51691f859.mirbase21.mirnas.quantification.txt,Primary Tumor
eaea7647-7b21-4d10-8040-ae7e08738d3a.mirbase21.mirnas.quantification.txt,Primary Tumor
3e869cbe-1657-49b9-bc16-019f867202d3.mirbase21.mirnas.quantification.txt,Primary Tumor
d3042b0b-9211-48c5-a58f-d1669dd8acbb.mirbase21.mirnas.quantification.txt,Primary Tumor
52de62c2-8bad-432c-a157-25523ac79274.mirbase21.mirnas.quantification.txt,Metastatic
4edc18e9-dc60-4c91-a648-4e3e4652ef9b.mirbase21.mirnas.quantification.txt,Primary Tumor
5d854663-f593-418f-a691-5797476ffb0d.mirbase21.mirnas.quantification.txt,Primary Tumor
d042e76b-9180-4edc-ac4f-3d28c822507e.mirbase21.mirnas.quantification.txt,Primary Tumor
fb421fb5-ef7d-442c-955f-0f1ef0a9daa8.mirbase21.mirnas.quantification.txt,Solid Tissue Normal
d70152f4-d138-4d78-afab-ed6b14abe24e.mirbase21.mirnas.quantification.txt,Primary Tumor
c907ec06-97dc-49c2-996c-d294261951df.mirbase21.mirnas.quantification.txt,Primary Tumor
0880b883-30e4-40a1-aaea-37c0acff6900.mirbase21.mirnas.quantification.txt,Primary Tumor
68b33830-8794-4fea-88f5-f1394b3d3e3e.mirbase21.mirnas.quantification.txt,Solid Tissue Normal
8e4764e0-bc79-43dd-82d4-9bfffd425d80.mirbase21.mirnas.quantification.txt,Primary Tumor
6f1c0725-e839-4553-b825-08c855fa6f70.mirbase21.mirnas.quantification.txt,Primary Tumor
51685f3d-dade-4665-b986-0aa5fea6c094.mirbase21.mirnas.quantification.txt,Primary Tumor
de0ea0bb-a90d-4987-a6ec-8e7fc480724f.mirbase21.mirnas.quantification.txt,Primary Tumor
09a134b4-fe6d-47a9-94d3-f267a411c8e0.mirbase21.mirnas.quantification.txt,Primary Tumor
3911ad97-b2c0-4a95-864f-a5349c92302d.mirbase21.mirnas.quantification.txt,Primary Tumor
44044eaf-2421-47ec-ae80-8e3dfcfed1d2.mirbase21.mirnas.quantification.txt,Solid Tissue Normal
7a75d4b8-c369-4108-a721-c6903482fe71.mirbase21.mirnas.quantification.txt,Primary Tumor
a46bb2d0-1882-472a-a05f-ed50e366bca8.mirbase21.mirnas.quantification.txt,Primary Tumor
ae012200-cc65-40f3-bdae-7c7eadf157e2.mirbase21.mirnas.quantification.txt,Primary Tumor
e4d75b63-c717-45e0-a3f4-5af5ecf1e07a.mirbase21.mirnas.quantification.txt,Primary Tumor
04e66e12-de6a-4a0a-b1b4-7c7c56340fa3.mirbase21.mirnas.quantification.txt,Primary Tumor
4a010aac-f287-4fa7-9d3b-8af64c5d23e4.mirbase21.mirnas.quantification.txt,Primary Tumor
e7fb1b2e-dc38-4120-b699-9b505a06eaab.mirbase21.mirnas.quantification.txt,Primary Tumor
773202c8-abfb-47e9-9ab6-a41916ae8641.mirbase21.mirnas.quantification.txt,Primary Tumor
8282a63b-1860-4b2d-8339-ac20cffce073.mirbase21.mirnas.quantification.txt,Primary Tumor
59351b43-bc09-4f9c-b4d0-cb43f8cc2cf4.mirbase21.mirnas.quantification.txt,Primary Tumor
3d0c9888-3f92-4204-8b82-0d1f325d2aed.mirbase21.mirnas.quantification.txt,Primary Tumor
de1880cd-f294-4a59-9364-088b3af36725.mirbase21.mirnas.quantification.txt,Primary Tumor
3533e763-4ed4-45e0-9e11-53f11527eca5.mirbase21.mirnas.quantification.txt,Primary Tumor
5c678f3e-2c24-4875-a0db-13c01cf8330a.mirbase21.mirnas.quantification.txt,Primary Tumor
b14e8d50-a949-4947-856c-7a5fccef9249.mirbase21.mirnas.quantification.txt,Solid Tissue Normal
39d60210-7753-4df6-8777-71e4c54f47ca.mirbase21.mirnas.quantification.txt,Primary Tumor
bd3b5cda-8305-4e88-85ea-9cc5d15b3657.mirbase21.mirnas.quantification.txt,Primary Tumor
03283a57-ebe6-4830-861c-528145d92d1c.mirbase21.mirnas.quantification.txt,Primary Tumor
a2622003-6d07-482e-81bd-5a279e07f1c1.mirbase21.mirnas.quantification.txt,Primary Tumor
842e2336-7c4b-4453-93fd-a51494cb5de1.mirbase21.mirnas.quantification.txt,Solid Tissue Normal
a0da8c1a-d570-4386-a5f3-87e36ebf0869.mirbase21.mirnas.quantification.txt,Primary Tumor
b065503d-54b0-4e63-a372-495639cab6fa.mirbase21.mirnas.quantification.txt,Primary Tumor
1ef63151-386a-4ed1-9384-50a0eb9caa6f.mirbase21.mirnas.quantification.txt,Primary Tumor
21d7c6bf-7b0f-4a98-b04f-cf9d472d9332.mirbase21.mirnas.quantification.txt,Primary Tumor
5f40c03e-ddc8-4c2d-92d6-c29bc5f76ea8.mirbase21.mirnas.quantification.txt,Primary Tumor
6295642d-d268-4485-be43-03405d5d2f26.mirbase21.mirnas.quantification.txt,Primary Tumor
1a1a7482-ae50-42e9-aa40-ad4d02fcc5d5.mirbase21.mirnas.quantification.txt,Primary Tumor
b03df3ce-6f92-4383-8f9e-fc8bbbb77757.mirbase21.mirnas.quantification.txt,Solid Tissue Normal
f9c68e7b-13e7-4b2a-90c2-6187d3b02610.mirbase21.mirnas.quantification.txt,Primary Tumor
6e400921-099d-4749-92d6-66aacabe66f9.mirbase21.mirnas.quantification.txt,Primary Tumor
b955262f-1548-4e5e-8977-73bf12e06168.mirbase21.mirnas.quantification.txt,Primary Tumor
b5eccec2-0ebc-41a9-baa9-cbeae6f7bea2.mirbase21.mirnas.quantification.txt,Solid Tissue Normal
87ffeb15-10a1-4e6f-9e9e-413720b00873.mirbase21.mirnas.quantification.txt,Solid Tissue Normal
6380cd41-2628-484f-acd3-2240d9903fba.mirbase21.mirnas.quantification.txt,Primary Tumor
9edf294d-a486-41c4-8a6f-86d515e136a4.mirbase21.mirnas.quantification.txt,Primary Tumor
a3346c80-55af-40cc-a4a7-1c4a3726eb12.mirbase21.mirnas.quantification.txt,Primary Tumor
90e83adc-6d01-4959-b6bd-08d156f45b0f.mirbase21.mirnas.quantification.txt,Primary Tumor
8740ca44-992a-4b58-b35f-0442f3ec2851.mirbase21.mirnas.quantification.txt,Solid Tissue Normal
52a005f0-4712-4f25-a68a-6c980462374b.mirbase21.mirnas.quantification.txt,Primary Tumor
289486b7-8213-4229-a5fe-1f2a9a25e730.mirbase21.mirnas.quantification.txt,Primary Tumor
fda26b22-b0f8-498a-b627-f105d010f051.mirbase21.mirnas.quantification.txt,Primary Tumor
